0.1952671473470142,0.2520320946198829,0.294318671616817,0.35914682335915205,0.3945321906625757,0.3512059144162414,0.28946040859929656,0.24844072264510347,0.22365474489865417,0.19864409922766996,0.17171970443481985,0.1468342636780974,0.15905237804208072,0.1768842206149087,0.1567549136767144,0.14020739187452014,0.11599357658919962,0.09066821625897489,0.07137357131880868,0.07085175859813629,0.07839210475736627,0.152079902635872,0.1705231264018404,0.163206757189115,0.1812067498612669,0.23914895232702643,0.31717167905159216,0.4188875948712669,0.5348405025103085,0.5461816662363314,0.46384653710762525,0.3633395989207932,0.31116429966045356,0.26865246930208325,0.22672049929787613,0.20161686808519352,0.2087671728210883,0.2043584714706574,0.1728285909641342,0.1336023150025735,0.10895221887961794,0.08383897701028296,0.07822256563598466,0.0764862033788179,0.08757487114467993,0.1056455607268346,0.14502146686081185,0.14984436410583754
0.243680285943181,0.2785398608971482,0.2984820156502036,0.3144432229237751,0.3079899412048044,0.26268155666899073,0.18771799485332302,0.16932006402788521,0.13685680034960787,0.08540336052856838,0.045861651092814315,0.022390862023284084,0.017584490948112312,0.019775469934088342,0.03387139636103815,0.053376112645836235,0.07755222237245027,0.11182378492494746,0.1422496753513513,0.14060004803044268,0.07985665211511206,0.11233521011329625,0.13454272540503934,0.1325384087690826,0.1650576833771704,0.21509658669968104,0.3011337255700543,0.29363751863216425,0.28215669756232187,0.27227838176191677,0.20769807629610826,0.16597400257535633,0.1538938365792387,0.15336472540772225,0.12451545153142891,0.08606780001075143,0.0486805508776281,0.024797844289044878,0.01862458611432921,0.015456524902537079,0.016668260955277583,0.023562733091872512,0.039479119603076276,0.047052500748376164,0.028673496723491943,0.04971034082779907,0.08589896096863478,0.1302121333395475
0.1027567223352026,0.08348880488942029,0.07591804999998572,0.11709968271491937,0.2118542475899074,0.30612481640295647,0.3109843953285661,0.2074648916222975,0.17229302106282032,0.1547694696158917,0.13495927104542899,0.11753028965639531,0.11524511272136885,0.10787273790190828,0.08326829551634027,0.08162277624070546,0.07643883648528813,0.07122725859984308,0.058143503660021655,0.028800052706489596,0.021164856362486648,0.016325484019660226,0.015284104751968421,0.021598326459198954,0.048231899291999794,0.10691235908131033,0.2131326537427745,0.3270370782269017,0.34661204691575653,0.3046186985326922,0.25330339633909316,0.2233201713283627,0.17902530515855408,0.14740740022914928,0.14788293987163248,0.14406653402367545,0.16219790322068012,0.1740836339882319,0.17232468007549667,0.14796177499417712,0.08137856312994023,0.036279507286236884,0.029622880868575098,0.022389918778315174,0.027753389612364378,0.03687534669519911,0.04154842194573945,0.05206754636641534
0.175592120129003,0.2261421146741312,0.25805833924381977,0.27586356931490047,0.27943644078353697,0.2866484997540618,0.24197274490973852,0.185270860087502,0.17964503223801767,0.16473986430413165,0.13587159183449457,0.12784106992261274,0.13060380252231338,0.11036980291030078,0.08799047557095294,0.06329404009746087,0.043182372026373574,0.031037989913062898,0.023870544022293248,0.020976835514637093,0.04116160026615205,0.05813756368396568,0.09984157890429135,0.1589588292062529,0.23093195525618637,0.28879549324952886,0.32657884986767916,0.36711913523239775,0.3660959313300318,0.3623588135441358,0.3688506253260603,0.35097135880681185,0.3588800789182423,0.3854845657376137,0.3602155636940971,0.30440220979627997,0.26159927473433564,0.23187139758217137,0.1997269806483823,0.18133441694488034,0.14079206337381456,0.13288057547531146,0.11199205577781898,0.11357835618126905,0.1891496531781613,0.1560691439567498,0.17191181879526396,0.21407591131343243
0.2384852406483022,0.3373939095081671,0.41687045384595045,0.46447790262748645,0.44930582426310084,0.38408071641167585,0.2620129901767818,0.1447272234945328,0.11985909848198806,0.0917400797143579,0.06309360066090192,0.048399114471806,0.03511291694142133,0.02419344259439299,0.017813641827686105,0.01367696955997114,0.013524084066543651,0.013947045791030288,0.0161226518519262,0.014900675929402536,0.013480993277988733,0.013638529506311628,0.016830925027178745,0.029915058874619184,0.0670405180153305,0.09819878647387566,0.12258076018450828,0.1397327198237501,0.16486627351111127,0.1681752918917211,0.14109429652811153,0.10348020862483538,0.07568782700883733,0.06594295221776383,0.06345461732551386,0.06639843091552057,0.05795697491058342,0.041420940274702625,0.037182114504575974,0.031290582080069004,0.024783831004525636,0.017353735996272466,0.01270760222588247,0.011803745427002132,0.01195355224485237,0.015967544605108054,0.02538362472791609,0.07145743700150808
0.2490273412625048,0.3047749467230898,0.3435191008199899,0.38622175831526595,0.3884243597158247,0.3860681557575679,0.39101945550778194,0.3674687211367055,0.37188254306944873,0.3975667757967505,0.370276317107342,0.3088483803687823,0.26219382079925707,0.23562479273982342,0.20866068151948733,0.19265664200721824,0.15262611504855955,0.14504550496009735,0.12464296204610252,0.12341680106420469,0.19873476973778437,0.16145624830147864,0.17326634983011896,0.21626280683917168,0.30627962035969253,0.3742630545919605,0.41439251465609517,0.44604014379872453,0.47664104207059166,0.467946781363081,0.4189471290517092,0.3617512008465442,0.29842138200905083,0.2561900592822396,0.2522423786569696,0.26223761610337304,0.19750522509737406,0.14532816520514485,0.1089965376141627,0.08338480089616632,0.04753378765016261,0.025798467766300768,0.0185509671636967,0.01822433804171358,0.024520297982594606,0.029633455222140205,0.038710237807515424,0.05667154111432166
0.2488712228590209,0.3630045331442805,0.451726623324856,0.507627181595259,0.5876949212636607,0.5914112874758783,0.5195896103088571,0.40261386606484795,0.2838264647451312,0.20054069199266472,0.1544607401801111,0.13922641619042836,0.1248812223763492,0.11392713972995601,0.09538697822256126,0.07184568658316483,0.039281911508540816,0.022522093403533734,0.020377160044236765,0.013404476672243457,0.01178157370184951,0.010874860402730975,0.01233065939566619,0.02394234393283646,0.05801515365960247,0.12554025642610905,0.18618093805429825,0.2697419659196355,0.38516919730453825,0.4477165881635278,0.4334592980968994,0.32872911055508874,0.22125864651743068,0.1530719533735702,0.12313740669050169,0.11308498801696909,0.11843926527298285,0.12753103787949252,0.08913735438774067,0.04974342979460518,0.028675009489994695,0.026922378674910923,0.029497665284344998,0.02023117927708535,0.015257825749546948,0.014236817809932452,0.015999185201858047,0.020880170873761206
0.1498510712598344,0.20919633447340247,0.1697973830956725,0.134766599956371,0.14937845845263886,0.11470494979763084,0.07292324847983189,0.06146022377357224,0.06145593124426921,0.046008270920012834,0.024897436988670973,0.02299884494613563,0.02225988194053218,0.015165726961286222,0.0130956278395105,0.014346101063964459,0.01690778571213433,0.021438458090438664,0.032179021355940626,0.02906646971291078,0.016307575535319686,0.01763099009952594,0.033207349521243476,0.08071325150970599,0.11594168244692238,0.10826686164987448,0.10160349687040038,0.08478438225943455,0.06424983537569254,0.04755235602063705,0.033769566709743404,0.03147538176004918,0.029423325884814208,0.03345406828474545,0.03754342289205149,0.04811123481628014,0.05708231060871517,0.05142649438073632,0.03633586961303377,0.03243625868269315,0.02917210817497707,0.0327345411004498,0.061738976131628515,0.03664226775714819,0.02474911192445777,0.021551942025290625,0.02864086090342894,0.03860340737696359
0.200371808303034,0.1993927285135797,0.20236889049760032,0.2356296547952885,0.3011788557389343,0.34393114297060423,0.31830313294989065,0.28072534798303295,0.21475297861957843,0.16862784670096184,0.14351200822946553,0.13579632436327665,0.10621958597921222,0.08320988180832606,0.05456938819503314,0.03937916459924664,0.04484074402028872,0.053019719466722265,0.061419617374935356,0.08127037318119594,0.10732978251659564,0.14894465247637484,0.2029294292158621,0.2750134736023913,0.31818690238525316,0.3216383270438457,0.30432677397289776,0.2941633645909945,0.27491525427184393,0.24923998342195386,0.1985110076617138,0.14188023222615453,0.13553250077142034,0.11138091959065405,0.10991794485557926,0.09331152939664442,0.062486648715928794,0.045152914676201125,0.03772273454114524,0.05310931971836133,0.0791010418362472,0.13828202230821668,0.21666911658494256,0.3168901159330687,0.38119407440139524,0.517581343631865,0.5778278710852625,0.6274408715857325
0.1828287636455953,0.28969007730715407,0.30592907450377715,0.2330240396077722,0.22754115787517032,0.19120331186565,0.17810452452771594,0.18632998407826157,0.18642980268820403,0.18798785008087293,0.20352243388064922,0.16717295326722958,0.16383614745848096,0.13868176267566368,0.14336853454568754,0.14624123408959355,0.15867749442587034,0.16503079825821498,0.1964421995825594,0.20805353839338536,0.20975697166283697,0.23125196068684734,0.23642267350775736,0.2537108891120765,0.25534950852948307,0.23903781733750562,0.2695447144507025,0.3037173559072784,0.28647332075921583,0.31429918799372875,0.34906411946412097,0.29178018501377695,0.296230738865526,0.34082804983397047,0.33024982193168095,0.2787102222721519,0.2747054489608316,0.23507953413751265,0.2206598689734125,0.22351777414161145,0.25159301097019543,0.23967836800819536,0.24440802580538484,0.2524418139756012,0.21162252516876587,0.213067387598079,0.2230536678412922,0.2427451078755712
0.2429531028532692,0.30952501215214895,0.362256380393534,0.4346034819033713,0.4599793159059723,0.4495110300811922,0.380350440044952,0.25763732352430535,0.18449270883095334,0.13076433951011202,0.09168299498288748,0.07975176728635443,0.062314192938292205,0.05481621639271418,0.03379584652878888,0.02051794139830149,0.014585034119570451,0.0135505641748386,0.014343539590679542,0.014826431093326138,0.014913733864439796,0.020165950660274396,0.041189566857982085,0.10714825770797046,0.16709265859054473,0.2700547221322151,0.3812472202538667,0.4009818011703828,0.4316606804564756,0.3701842482093557,0.3051526519705147,0.21969200625236146,0.18341598029401535,0.14096809071032074,0.09722780459875582,0.07106861508504039,0.041367627906306666,0.02670962776503285,0.019372263797208026,0.0182760038631873,0.019354635378586317,0.021104537843864398,0.018001732893786322,0.016329186563321597,0.01639024621026234,0.017830182091781673,0.022579377036958708,0.05437563160159744
0.1751936073622152,0.19021696334212,0.2538873787264292,0.3360647340115388,0.39244330502471436,0.3893840080447528,0.3591883120701518,0.30844831429520175,0.27001061788838915,0.19642483495383165,0.17130213157669222,0.10132689850442628,0.09065781384433738,0.0884190847481289,0.07841503310126746,0.07471781922430326,0.06818582699165718,0.05744816687142022,0.08448311560987809,0.10986738928058701,0.13024707215488884,0.13329899622099609,0.17207202117119869,0.19807561791841385,0.2518946612152444,0.24090545169094435,0.17827194230492519,0.1290031921630181,0.13018286974319349,0.13978547746838943,0.10705815892532967,0.06568092953126389,0.039344544663277886,0.0348022839432706,0.030055806081761307,0.030884798953908832,0.06979084905968835,0.08101122290923858,0.0853135138772065,0.08245663066533068,0.0644633620257328,0.049241828129700856,0.04561112634698536,0.057585994528243784,0.10012680223109427,0.11964951502190929,0.15797209542397814,0.19565002623622524
0.1600336887081201,0.19652930930924112,0.2468209870096072,0.2790938716378977,0.2739446796675039,0.22021711701538738,0.15116228538350904,0.084229391813934,0.0441085629679447,0.028576922274737227,0.030436407155786306,0.03192566886236904,0.03327800952842829,0.03383656995111978,0.03985377403830978,0.054899712548601313,0.062717914753948,0.07627130963004417,0.0778698437146129,0.06565460077158633,0.07204178171598767,0.11238301812543663,0.14701866799334337,0.12812738034199855,0.15985570643363609,0.18037995864667095,0.1980932864025277,0.2123841273514021,0.22908768740462984,0.20600458951989895,0.13626650295475787,0.09337093234463151,0.0565015151577917,0.044275881968272424,0.035031210400777654,0.04669295302807457,0.048081282632015755,0.05937394902634696,0.07071067372395438,0.0954931659474405,0.10298907604503041,0.09296313629771388,0.13963862291384815,0.10655212659549934,0.11196347199338308,0.12272767318627775,0.10371705424441297,0.10654669802165115
0.1817033339495901,0.1984793477754965,0.21795670801124856,0.211490807605001,0.20211465912726584,0.19074732045815768,0.16067414914403513,0.13283460994606489,0.10454784931172674,0.09186149832691103,0.08243549125207052,0.06371971482125725,0.04583075785725389,0.03942535195990429,0.03878868352739999,0.032574058155818035,0.028495378110621417,0.022233787565604797,0.021168056575876667,0.01873871711943298,0.03477203648015256,0.04491410402852452,0.09369760804863744,0.1306544402819544,0.16383691559541427,0.20821622090309214,0.23926820363420398,0.25929722739608263,0.2629626050396786,0.2716967166693641,0.2327546672325469,0.18027667182739085,0.17709623895156615,0.16426939740585114,0.1349409979933651,0.12443406247230648,0.12741910360066283,0.10848276539991061,0.08590697936085145,0.061086464708594065,0.040954116774379205,0.028990683463434662,0.022629752234639797,0.019860122905748956,0.038680016690845094,0.0564624947706335,0.10004837753556695,0.16048913907769216
0.1583410365440315,0.17134084264119082,0.20554425333880266,0.23595203102859513,0.2564099146177257,0.2377043838590155,0.19553564061701792,0.16156240206185818,0.12627143090202414,0.08423216772510106,0.05319207262832125,0.0515229437936895,0.07777840123508578,0.13477612837776187,0.2080156846763981,0.2578592109716686,0.27427976779951424,0.26743422950821627,0.2846062499806893,0.2719271899181059,0.30243467703858606,0.39630937835037383,0.4629741582103703,0.49643239681872775,0.5021248565255166,0.4326376203034938,0.43866549411971484,0.3844717103327956,0.3778915749723474,0.3409106082489834,0.2598519814197382,0.19847830010163714,0.1481498942947467,0.13670836079091186,0.18678394340792737,0.24147072243282425,0.18710263213952275,0.1358631346647741,0.1278910926899573,0.16766483604020022,0.13548821415086304,0.14161945322538258,0.16082494691957724,0.17030676918930893,0.18350417336023636,0.1614593559893644,0.13237821255180757,0.13432041093836927
0.2611963599761713,0.3621182030324565,0.3960189820888087,0.46377620967532296,0.5368445171204101,0.5679459426297623,0.532980291667401,0.461094152154583,0.36751625092379,0.3399183261656677,0.30934527406639756,0.25813668938456213,0.20474262855608844,0.16661855405469736,0.14024612267789272,0.11532404313665093,0.08827059653355498,0.06500341249232261,0.04240743656135695,0.031452195355448465,0.05839670333105618,0.07691931111942132,0.12855353185416923,0.1872482452236388,0.24801839444585316,0.3376301698193789,0.4304700986338787,0.4397866949038112,0.47374025534356573,0.5280647830170678,0.5140763248667543,0.5074494097769859,0.5006333178831301,0.47732023496252296,0.4609239383039491,0.39239688733164524,0.2943491467378276,0.272775129567286,0.2146114193605324,0.18308047500468622,0.13973040507799064,0.12208392082694663,0.09341190888376755,0.08032913381795966,0.12186578342654261,0.15631453848110816,0.23983328660690015,0.33055744526669295
0.2944411503112956,0.33319260926231287,0.3848446934856645,0.40929461915811954,0.41832349331590035,0.4225598007072967,0.3853643244363089,0.332999457941308,0.33733486284071307,0.3462900576007757,0.3796555402186548,0.3320841142149426,0.3074946633879529,0.2886997984122103,0.24286060679681648,0.17772387380929422,0.13384462732697253,0.10148329785772192,0.09398379585246776,0.059315505028823226,0.0547531001652231,0.0763434320999749,0.13456900770403246,0.2106381784560853,0.25066674489007545,0.24095487494835344,0.21519023179401137,0.20350571858224867,0.20080533356800395,0.20648587188228784,0.18701795725366577,0.16768309086241484,0.16898191697397102,0.17629589528323042,0.17609302840961966,0.1912949284282102,0.2366563110722031,0.25249565337653307,0.2224028916979977,0.2127714160076068,0.21317767263013565,0.22569880160039035,0.20808184493225518,0.1253817534353677,0.045125463155282444,0.02080803788402104,0.010954363712470796,0.021161151626791545
0.252525626014256,0.29334182101715645,0.3898647581939395,0.462526129438078,0.49651161942111277,0.46114589247343146,0.3884016419047037,0.3418211005768007,0.34521659782665143,0.32855876683303104,0.3331812411328054,0.31449901125263796,0.2689811962056309,0.2357193749900226,0.17942791548904358,0.15427118959149325,0.18073508102657765,0.1617411006737424,0.11818235242826107,0.0848302051211289,0.0764655630196727,0.10364472394302245,0.08072386960264241,0.0988454989760438,0.12879843618631243,0.2079305843568404,0.2904184369107948,0.3591704444528178,0.3694392739365759,0.3793937306122975,0.328217959504515,0.2839166938757807,0.23963155357384358,0.2220749601539262,0.1663652898873636,0.12638244108672625,0.11080104396988497,0.10484176810875052,0.09850122276131032,0.07063772095969055,0.035263535217739186,0.020645837958621474,0.014837089176851802,0.013662053509283649,0.013161174129097107,0.015237709891252775,0.017498069026949156,0.029187593243950077
0.2469361763316283,0.2641750966262534,0.2701189632833201,0.2797888083254393,0.24989122682354498,0.18763110611714823,0.20816583355098492,0.19551986423218076,0.1570561649811189,0.1468444386682106,0.20619818397240525,0.2342172589045039,0.26501208291371225,0.2829960422657793,0.3278636079948351,0.36057291948593223,0.3211411212911267,0.3101539435828682,0.29748883158445205,0.22648020426469978,0.22271669430640775,0.15655049215889738,0.2699144201336661,0.403172826827709,0.4569582294414787,0.488282392123249,0.5177259417687884,0.5274756754899508,0.5102980986377861,0.42444126713323127,0.3551059456748735,0.33244303421000015,0.3943003754668797,0.4524894342025496,0.4216256401901255,0.361489447080349,0.329581018249812,0.34083816834566255,0.32094649797433233,0.3116829943875004,0.3366113628087985,0.29132069853612846,0.2893496308990221,0.30475276277951613,0.3081167652946745,0.2724232994593978,0.36569399415938714,0.3894622439692266
0.2760953965612867,0.4028859520528111,0.5249563783074203,0.6013995942341943,0.6188954605711986,0.6301002179677921,0.5845003345434396,0.5149566785257702,0.43554254713453144,0.38028643825834857,0.3243000265032905,0.29278148611044025,0.27851228541383904,0.2793030219042445,0.24505255975504953,0.18142164984295983,0.13901688893502825,0.12402745663551895,0.12006005038201295,0.09380494339163264,0.14956928214660717,0.16291732830979608,0.17256961070108834,0.19616149935312638,0.30375128979123867,0.4319626488643065,0.5147216796361995,0.5639495921994234,0.5986997577969142,0.5923931098900626,0.5465295594811285,0.42464816303627073,0.3176562014707362,0.2864926155924545,0.2719387534589556,0.24027368573290853,0.1963175384994299,0.1695875111584134,0.13363377708682986,0.0963310132810021,0.06819452959641276,0.051595259816912674,0.032526511168282896,0.029522860141501676,0.06435861009652129,0.0990781781978514,0.1439198511439071,0.20132343641845954
0.2400834000944927,0.31959443416410027,0.3599355436791204,0.3871503060084245,0.44802768404863436,0.5031952658962975,0.4623100469222526,0.3097156450812705,0.2513443500833674,0.24201295781040835,0.23629712800520858,0.25030907994984686,0.24091629710167092,0.26824872037627445,0.22548347377073857,0.15151316906430884,0.1068636993174795,0.09850392485024331,0.08485816709607619,0.08898043678498965,0.17452372615416795,0.22079489222477658,0.2438430696611651,0.27584411990688357,0.35691467149425216,0.37668459098274676,0.39628206234070756,0.4057536567332448,0.45120561942125714,0.4417618870319929,0.43360265758322813,0.3693633602495197,0.28253497976010106,0.2386069959870784,0.18334401252146676,0.1538107563466441,0.12976261173221815,0.1311010943419331,0.13822200482841,0.12815113361947725,0.12242300905995317,0.11225943880504255,0.0857536847106092,0.044910894605810193,0.0963631720965159,0.12964769853727498,0.10208609878716285,0.08151639657521294
0.1776976643865162,0.25283083386359495,0.2915293352698232,0.36592033959092213,0.3479579641038521,0.3352613677517,0.25102435912567433,0.18387640994561388,0.17902138661479997,0.17003791351707573,0.16686060526375432,0.10840590883695596,0.096422436065175,0.07974610616114601,0.07649517478151426,0.09521914701254469,0.10634883461284295,0.15327327561442605,0.18869695614766108,0.13883408876715153,0.11011978921500848,0.15329565479710275,0.18260369433553875,0.202751297140583,0.21526226716494304,0.2307928671951483,0.3112003317928125,0.3704531854945393,0.38511293557971793,0.35293396956490913,0.3134713332008566,0.21255809188342067,0.16559369308357222,0.12659427618550598,0.06925585165201503,0.039083334565548564,0.021096938414236852,0.017325149884247482,0.022573247209685083,0.031871415065901756,0.04316544902095898,0.05106913886717626,0.06202686760821523,0.058627646467108815,0.041217141637717045,0.07293642068583212,0.0720750507407497,0.09140280945944573
0.1874242517614675,0.2588447273238471,0.3281966568702346,0.3439304550435416,0.2987466880840398,0.2785408238221511,0.2163369468791027,0.16625982976597756,0.14174471455707402,0.12038073743024237,0.15380023668767195,0.12074027220530169,0.0862602022741426,0.07338002351258668,0.051198395181815334,0.04427581253722666,0.037835190230410154,0.030733553412187906,0.05772662215411782,0.0442967685871762,0.035678932849604425,0.048171817895860995,0.08060326680444671,0.1344832037864403,0.21167253550342197,0.2884705691420684,0.4046472374834956,0.38831674923448667,0.3855413193481459,0.35511470253329414,0.31687271699830816,0.27578261467040094,0.21348890223549502,0.20992042113182816,0.19921273032461015,0.17039279803620777,0.17167970315061762,0.14480743912958147,0.14488157617552436,0.16512432364291793,0.18361063357034085,0.1885134558169562,0.20702845542894022,0.21511352014966106,0.22880711931032555,0.3512296929634537,0.4152712302073296,0.4661926392177177
0.1058442039727245,0.08596796446781912,0.06257910821309558,0.05766822796546174,0.0716618374441652,0.11115895476854881,0.13480662636687088,0.1555868710125805,0.20571688636619917,0.21963335844680337,0.20058909516131435,0.20728794171791942,0.2140801618935267,0.22407333141167535,0.1989994213223642,0.2207603677902037,0.23969365770769144,0.23912944360727797,0.24776473559395742,0.16926654804930047,0.11654442110927493,0.13691453069563875,0.11743266601095738,0.07149281929807229,0.05770929025777269,0.04483415603419554,0.06574273760573224,0.11959962407756858,0.14604259497221553,0.16845259314420627,0.17029618783068312,0.20371108332039323,0.2544530203418338,0.26858373291734194,0.31644796819804516,0.3942261432878117,0.3541090839441676,0.31509136985984876,0.3015041638531706,0.2821111140248573,0.2894812697871871,0.302124473243123,0.2989352016748441,0.203827437513459,0.12386994572088575,0.09707879183618143,0.08839567092493719,0.06987978841567263
0.1459172983299439,0.17252552129354315,0.2168554553005571,0.2583332837486155,0.29132974640929155,0.35193985740822875,0.4013317572919967,0.40204869254393427,0.32233043567457664,0.26204872932051815,0.2495778940808907,0.2312888575680801,0.21268140191882118,0.18899886748593125,0.15667140212362277,0.12149933018530798,0.07862779013965421,0.05489988436786043,0.045951710448214125,0.027456106666998464,0.019702238566463977,0.02908751804292914,0.020358127714760997,0.017033800826588667,0.03583770375109065,0.07665827530623696,0.12050407507982118,0.18334178040846014,0.1846156349267911,0.1901084082742146,0.17259743403493807,0.16932204868366807,0.1823668162619271,0.19162763403069139,0.18324747214473924,0.17116005808934232,0.1666816812450021,0.13897095907303672,0.10029100119333108,0.08214135645053205,0.0830440845502941,0.0834154719982673,0.06111907987517885,0.04599169364104701,0.037627369691552615,0.024212725227756214,0.018915106552390665,0.014437969795919981
0.3035126640783878,0.45660881739855336,0.547950907890167,0.5320010370126894,0.4507871213536946,0.3290291951184831,0.2119833033029394,0.1679097111249451,0.19835448867912425,0.21567500909552867,0.180261332341011,0.18148546954184253,0.22168462165439573,0.26349238025581284,0.26713404685685826,0.2913482500640149,0.3190065822004429,0.4015218975760412,0.4378393194236956,0.41455199572975054,0.38065884391944604,0.38038273175031356,0.36932553575349547,0.3432250570054659,0.3375197152161648,0.28141017891979114,0.23670443476765896,0.19195596972037382,0.16597214013706876,0.12478826171430346,0.10450370836662493,0.10804925717392204,0.11094657100329192,0.11173796083081282,0.11317441116435428,0.12455107497230536,0.1484097110881623,0.17820014118890426,0.17315182200529583,0.17863100138097973,0.17343131067911033,0.13869119472271502,0.11119540900279087,0.08744036590723595,0.061595041635118516,0.04260628150657081,0.034340960162429796,0.03255882109948554
0.1939771163287524,0.18975107742971586,0.19475950102113918,0.2554554910092382,0.3111087171129572,0.43431453994901104,0.4045834716903821,0.37869657136820317,0.3286947371407329,0.28865556427058764,0.24940324481534795,0.20777998322948493,0.1975129251118305,0.20237377220274416,0.2119610406827994,0.22628226028936324,0.2044244434157625,0.192259477236104,0.18805344421245407,0.19950344543095372,0.21029755178890058,0.20729144013968642,0.27947868494875383,0.3673064778308258,0.4188437143576597,0.4655608588567164,0.4816397971770826,0.5265403776334521,0.5227706257858484,0.44043744924863654,0.28276953493651275,0.18664494141618423,0.1995752574208386,0.25388971255782156,0.32537769960889107,0.3996099653601296,0.4267495157324318,0.4292398526543874,0.44319308495007426,0.41261861656286153,0.40361365980842173,0.43618347396283846,0.4333204809389623,0.49555977206901103,0.3930148775252528,0.4202677668208703,0.45420537309490316,0.4494981205692593
0.2044730210495108,0.254239639869881,0.253297254516396,0.23476159513065342,0.22563047875926973,0.2237639671007437,0.22817740501770456,0.2570084250661081,0.3287871882169926,0.3415164589954749,0.33514419938623663,0.3089742437829286,0.2726471398512889,0.21658751502506102,0.16667426354420645,0.1317355105767092,0.11913741707821038,0.10233317869707938,0.10118324071782514,0.08531097118477848,0.0665757156123673,0.051572826599760424,0.056970040673041955,0.08394318134600443,0.09411700841690182,0.08696001839167891,0.11148871508094048,0.10948692612022007,0.1068990341915316,0.11178986764680623,0.1363154184647528,0.196749725746833,0.2585275769349554,0.3140563100392699,0.29610938041500945,0.2872371888130335,0.2751187254019814,0.2549587249451177,0.27219136502704455,0.2979788752032602,0.3011926063398059,0.2811900303985192,0.2784274290455805,0.3409606304043121,0.35736781298050047,0.3875507613260857,0.41256524239977344,0.41775971397127093
0.1334856562579335,0.13296445602751658,0.14307475018952148,0.1310691601650173,0.1316861803000277,0.12910946760692152,0.14133194969258128,0.21076686809793607,0.2554002203114804,0.23666712863960956,0.20856439833630358,0.18444342154389942,0.14707701138709667,0.12549689575413214,0.10095718926810993,0.08285409736837784,0.07973136718524171,0.060018831448613086,0.036993328092777854,0.02575792944072963,0.024343887304930922,0.01823793067922978,0.020434811090800552,0.0260155422257973,0.03193704736758546,0.03456682424401801,0.03375308897784656,0.024398406104229643,0.02106051233404606,0.02526302647585711,0.05702615588572567,0.1295373526110969,0.19475807173785745,0.23498545610519322,0.2677025327895261,0.26375970295586715,0.2545023579248179,0.2426927687190179,0.2575548483006532,0.3020232554910782,0.3356697271471334,0.35997398098887323,0.34718903011584,0.29655485343521976,0.18438056907618355,0.17549938260384473,0.16337951507826826,0.1472330191164704
0.061758820041506,0.049161424409850704,0.06228440861184799,0.06205986057257115,0.07174977271150366,0.0561947773918004,0.03448556575874618,0.026272090175652636,0.02464906469604209,0.02706070743252629,0.03997028561779092,0.06261201100953735,0.07590207306466926,0.07504068289137764,0.0782803230901685,0.10877219735952237,0.1205264840124059,0.13808766547742188,0.1423341012296632,0.10663353754162809,0.04819810752537096,0.047873827613566275,0.06394213184822697,0.06004518068048786,0.05955378504839,0.05327251882188526,0.04826346114179158,0.041324511957387455,0.03257546786588464,0.027610965513508123,0.028706847068157453,0.026142032810053686,0.02514609672346615,0.03372378529080372,0.05183756433764465,0.08735444449320212,0.1068933534872701,0.09636778000404851,0.08712905308531478,0.09351235667387554,0.09250030394076202,0.09166950447188807,0.09903509437027874,0.10120441062859678,0.05984358141973276,0.049765426398318297,0.058225707554916316,0.02642141155283831
0.1256753148045438,0.10837584775420055,0.1230791141146195,0.16580183495209216,0.2216478211159979,0.2787189314707803,0.31833434715049685,0.2981594134425515,0.20540766075207662,0.15149415497347046,0.1313996948886992,0.11894052266120567,0.09217996916632452,0.06314244593193172,0.046753589722010463,0.034391819728944756,0.022498132409652538,0.017025767667513198,0.014772403238058507,0.013533230459364172,0.011949989621699634,0.012556958398999375,0.09741105888471523,0.20435761790852894,0.25316878445582214,0.3058873899993636,0.40773892758733654,0.4876641569290753,0.5441380263760506,0.549221120064339,0.43273909022456825,0.39022497529213707,0.3555058587894283,0.30952245889742575,0.32567131762442664,0.39474096487688964,0.4026623656507132,0.4001663497296949,0.37558518686476516,0.3330150957117821,0.30280836155840807,0.2170257030343066,0.17259736570293344,0.1718401595078409,0.19487965692259504,0.32225204574930016,0.4960394821403614,0.5577765105682565
0.185955506255007,0.24529407214928062,0.2524240559437648,0.30537110583924354,0.36832254917722934,0.3387376834112964,0.2966181974839798,0.28895378470565025,0.2937378669392856,0.26720265372898994,0.21639903818601086,0.18338304939204372,0.17066518624338,0.14280168444175645,0.11661850830805782,0.09019419292949224,0.07173292888269038,0.05916158295913157,0.053747694983085764,0.04644415682925876,0.047019031097579926,0.07536409906253067,0.10874137728073566,0.17305425819137005,0.23854058247240167,0.2906812374985927,0.3881819695650673,0.4608008208258875,0.496519480530376,0.4618795505546054,0.390071517133641,0.341965858028517,0.345133878154347,0.3276436828706945,0.3311080848522985,0.3113091423650643,0.26285478675408525,0.22982044403288637,0.1755969708446635,0.15138634868519893,0.1782173076907975,0.16032453004950467,0.11961443294984445,0.08941596476966486,0.08174926804876374,0.1076100876977317,0.08307620403340213,0.10015350031886183
0.1375752346911526,0.2092176802860488,0.28105691095114504,0.3593341429471878,0.4176597422302929,0.44339089862066033,0.39233576702199313,0.3441732910184292,0.26731007631578163,0.2422869117371706,0.21907864082548698,0.18235913078578217,0.14748090765066948,0.08920469709919412,0.05373719808602624,0.03400880136375757,0.021951801027916527,0.0437423473761073,0.0853419157554802,0.0635122184941967,0.03698426907183992,0.03689205937438422,0.05239234404214624,0.07854684638848096,0.10004836832230118,0.13203528891637273,0.11194737501663578,0.1589934246458803,0.10688947741436486,0.06639764177993296,0.06258300694286027,0.03638601774272772,0.03252221561504988,0.025905050493831717,0.028862604782712298,0.03567476762123527,0.03190793735769329,0.03951057239501007,0.03337458403357579,0.044478887265816905,0.06074545765253336,0.07293959253534993,0.06433052584042578,0.05397676023248595,0.04239627667790618,0.052547057892940584,0.05935998328322024,0.06342828092717104
0.3351204782153201,0.48196994488866896,0.5574135506490541,0.5754139448236844,0.5506962414903667,0.5473978874277106,0.4663572112966322,0.36516434161740585,0.23374842415656288,0.16174299803744108,0.13883205952295788,0.12188372330220507,0.1010166271232292,0.10105486919240672,0.07138254745802364,0.05136976473144378,0.04382788445448346,0.031546809949908855,0.02353295099830858,0.026241684578455056,0.058636785042201614,0.08748245752972925,0.09720558999910328,0.11728920263593395,0.20916221923726563,0.36527756984072446,0.507992731297721,0.5306508743840572,0.5354560239563781,0.5007794448033014,0.4542134461593593,0.3716277786586678,0.2700671635631896,0.213457713600123,0.19353961034589037,0.16330944302080647,0.14694057757603354,0.10193367950805238,0.07455192950818673,0.05576487857525164,0.04747483322665263,0.031363236348837156,0.018376150248708215,0.01667198864845274,0.048790505320327276,0.05696045459053202,0.07221302041203831,0.10125115397302067
0.1644048324933293,0.2740191199708092,0.3972946469894386,0.3628541367420302,0.2824994415220542,0.2462365943373317,0.21293595822100317,0.2058445306406605,0.13632903726932266,0.12392817654912938,0.11926686714996357,0.15164960966887808,0.20040129059134973,0.23929419702251098,0.2865947496716968,0.2625933682082667,0.2244731117905108,0.21328174511065498,0.2447720454971888,0.217194036825724,0.20737712819645826,0.2639068319710173,0.30126507859993623,0.29981007391824654,0.2641570653900046,0.24979087505211825,0.29067683797924454,0.26862904492990175,0.25540962877901313,0.24560116577590257,0.20769558322505655,0.2097574719762409,0.24891068062681637,0.2840700507426095,0.290753969454493,0.2937996522784278,0.30213352278158756,0.29860225912176114,0.22381208389299723,0.18511494138550685,0.16023874070773453,0.14361902172063168,0.14019993629982397,0.10143728032908539,0.0476761813180878,0.04147253957390279,0.060783856954909975,0.07964144471712667
0.1345773038842345,0.16338939555229995,0.16373546627389796,0.15400841783151908,0.13147110391244082,0.11168472544593464,0.10622555188779766,0.13486065867242988,0.15011285414984354,0.12960707497965,0.09886684794420676,0.07854003330194873,0.0782316613147644,0.07712660102120428,0.06419247491971916,0.06978507496894266,0.11496986576699778,0.1761382512580335,0.20087063860299223,0.21292598538952806,0.14864318368715762,0.14635317947214987,0.2090196142884917,0.2641605831169549,0.23311332775023308,0.2002470541922997,0.19296260843628826,0.19126899608086162,0.1932820880021322,0.16328188408733657,0.13595140575321835,0.147548713507796,0.1454571307944132,0.14726705596529685,0.1668333655639144,0.18069694562112631,0.1999508069287715,0.1816639639129548,0.1430591061259615,0.13637201035532112,0.14071767964442686,0.14192025877091813,0.1398956185742937,0.1343306694151163,0.08133579621861392,0.04231042048082846,0.05846045175907646,0.09472864797463171
0.3082537334894517,0.4378636260459797,0.5089550626112872,0.578814888993163,0.591391788131392,0.5809550201875686,0.5082773228416397,0.3928588223559423,0.2963250257693944,0.27965291456185043,0.2359499930340311,0.2216939646541068,0.20988223040051127,0.19303000493948166,0.16179471033870574,0.12970904271602765,0.10142015028521367,0.09370912347010302,0.09685873078232912,0.08352946392028524,0.10494052192435614,0.12336617121235757,0.10632027637134703,0.1060692772789869,0.1559179834271896,0.267853217333376,0.37329664539088797,0.4273939938220271,0.529621003361484,0.5165842884489762,0.4429500295438187,0.36399515912680513,0.28943473655438035,0.2622865591728377,0.23429509313820762,0.20858254846030308,0.17100853041405736,0.1447350233557508,0.10639060680206322,0.07826233705715038,0.04520611722927198,0.03929343631632588,0.03381246446434015,0.023094379893918562,0.037241400436385616,0.036598463887043894,0.02928689591648872,0.04757878876381882
0.2081448614449169,0.20800592198669546,0.19417613023306873,0.16723127480359126,0.15749991898233412,0.1260167504535334,0.10575559687136893,0.08985769375506343,0.08077561126276783,0.08055113254751185,0.06786570994384963,0.053588614035360645,0.05060184932783185,0.04160805230807435,0.0382123603556419,0.03602348687392106,0.037028748374192066,0.037063983602674745,0.03910095774396328,0.034691975166962374,0.02471408396123985,0.030374724272849634,0.028885215154945132,0.0331482335673292,0.05214610026238994,0.08949059753749207,0.15129918692707384,0.22144783686382918,0.254618024195621,0.25386933153122115,0.24222159917679764,0.24040545147154918,0.2066876504312311,0.17716050588944574,0.136133695153473,0.10537335876812426,0.07542707547134198,0.058104441643171016,0.045337322205096675,0.03710952471178757,0.03291718044445365,0.030359594322509377,0.03263922115185091,0.03203598998782803,0.025313810356851457,0.026564211152011675,0.03732214229688799,0.04595415844535654
0.0979129434481625,0.15612461414215817,0.1926653557421169,0.17503526387677704,0.12199345986105023,0.07661735700472502,0.05055682364849215,0.03842455380373293,0.028626771612240157,0.01815156793265402,0.017342718058966103,0.02345413036410571,0.034759794237668645,0.045216698075120465,0.05605325826147822,0.05877518195337454,0.07073004276694972,0.10309249251950892,0.13600815373040787,0.10180275372570585,0.0669942259416279,0.1065753415325204,0.18535689962971982,0.22161569741059775,0.26560892879819087,0.2919947052462508,0.3497854809613967,0.3837338964775102,0.34456032646826534,0.2244473008355527,0.12151255440848008,0.10694173878659244,0.11906510326920929,0.1037578700883334,0.08247189881125766,0.06875709080245461,0.05856380162397927,0.05377609858463933,0.052821059281646994,0.06192100279750856,0.06493512988279054,0.07330803747032884,0.05412122987626985,0.029894313146031408,0.014027193544196424,0.011236075051447901,0.010631020725396994,0.013362868079685402
0.229091431975514,0.21754122658911365,0.21271170047950272,0.2132916533359402,0.27622654740027636,0.3199641003254211,0.3012910183788926,0.3366948556196032,0.37362339382525034,0.4052250748858553,0.42353600013268683,0.37529697106778603,0.3135695992720935,0.27881079414067644,0.26135251026798867,0.2459873998673084,0.23222792286123428,0.2223146294851303,0.19511825409190048,0.16407896623085527,0.1413750614972882,0.1319049796417374,0.21953446797293266,0.2635557754503514,0.3022137239527195,0.330270805707982,0.368535382213412,0.4118045295402005,0.4386670143483068,0.4996992483200039,0.5056948760947145,0.5202617516874315,0.547984004443079,0.5645337609797207,0.5484319232031049,0.5096989963534493,0.4812529292722203,0.46220927440260146,0.4445655317938903,0.45140535961226236,0.4625589005359696,0.46739456376334343,0.5033058401786106,0.4991315359803383,0.47050172242722565,0.5443681795909424,0.5999213198560037,0.585747673439434
0.1586162170174918,0.14430023256072472,0.15070381467911717,0.1557747522570715,0.14637813421442603,0.13816439904144617,0.1269650906037134,0.14720290212117199,0.19986169558677952,0.25096702911526164,0.2902691624918453,0.3224409335021332,0.3140336077372404,0.2841742408875446,0.2261479384738292,0.1674154597433396,0.14232575794104002,0.12165488831864399,0.1163730730521687,0.09243510681746304,0.041126298718012225,0.03137413491985756,0.013535113102860662,0.007194047365193615,0.01745333987260944,0.027280998164147557,0.028896206090896506,0.02845673390764366,0.0413129335337411,0.06131115575321158,0.11635045812765453,0.23498005619543685,0.36922861770902404,0.4795367390179607,0.5750189380861271,0.6243581979849685,0.6003062999914937,0.5610419775331029,0.4907513887772299,0.4244760926855651,0.35005768493210326,0.300934255581907,0.29529248394678187,0.2591144407011193,0.20958187628132113,0.1780118035025896,0.10463319322776785,0.05270199505790019
0.1329430373246235,0.14734519854579786,0.18982291076774777,0.24264767767748371,0.3164757375444998,0.3692406814646473,0.35003101671854125,0.3063006947703136,0.26868184684339064,0.25731573023830495,0.25021098089155325,0.23199465523390347,0.1945256013345476,0.18009984735022483,0.16652423919954235,0.14602296553995914,0.1427264327661742,0.15224689816919504,0.1490098980013313,0.12386180482527717,0.14690920204157806,0.16986944347765176,0.16156556769954686,0.1554423483336112,0.19002068320936927,0.2480096720818213,0.3387091772770788,0.3958019309383272,0.4879132979809886,0.5120415676174724,0.40239710599920064,0.31955956139754316,0.2796648698522309,0.207567203434584,0.152581691132121,0.1293168066603904,0.12092440538106378,0.13608742307357397,0.11475371461288295,0.09853686366485062,0.07366807432024318,0.0641882903744137,0.05951268383924067,0.040700751977188254,0.0344433505763338,0.0254903692245465,0.027398646000330498,0.046529476424477106
0.1639345946056983,0.21455797921357161,0.30120435159363745,0.2958054065342283,0.28524509557738015,0.27388128016224056,0.21106372225081133,0.1682384471226137,0.15333548027943328,0.1531269069878853,0.12528060646749126,0.087137982927591,0.04946638567647128,0.02480818422060822,0.01770950217093474,0.014344982259430842,0.015768686909228825,0.022047933117778886,0.036573598833654394,0.04304060730162993,0.024651263345181924,0.047781943591154306,0.08546468384295605,0.1308376991991561,0.159087265173545,0.17311433174162466,0.20778899782179514,0.2435549283269967,0.26611912753419487,0.2516270331991452,0.2074679196571681,0.16841777684810758,0.1316895550965943,0.08886445707499252,0.055802905349223386,0.051186896017939354,0.07297033305793106,0.12309200571069145,0.1902775320787353,0.2391542747727925,0.2581443045942372,0.2541370775171966,0.2788055483734093,0.2703089906283745,0.2974198102301533,0.38541109048215083,0.4530995235669614,0.4966495353815671
0.0722160817905498,0.053720186710414675,0.07969429953250898,0.05062207723863196,0.05387914169571423,0.042482043221570155,0.04945516697624347,0.07913051806674226,0.12310550175478224,0.1167924382476758,0.10054197777981311,0.09453278924216049,0.07287314730429156,0.06023546149306415,0.0716321573468712,0.08532251290763865,0.09407894672142475,0.08343230684448397,0.06235270233192705,0.02894309209877862,0.018049259365858408,0.02336929242861771,0.01926758588456724,0.012357994833545204,0.012562284774198827,0.015038830063026951,0.02408867010213224,0.030808030925541414,0.041278069901098155,0.05325103662111601,0.07733398062196434,0.1102062208314889,0.1902133106441381,0.26845007033950274,0.32254869851021295,0.33245418376683444,0.3328415177635811,0.31697454337190023,0.3107984432647462,0.3155741085663544,0.2939819366015342,0.2750527821924623,0.22542674732485055,0.13569350115064716,0.1258603294728408,0.08332356354179103,0.04779507652186634,0.03046560625931264
0.1320248146093958,0.15443597471231374,0.18418125259678678,0.23507044985998726,0.27479537381016583,0.30302898699825953,0.2936990365748815,0.2706451925883572,0.23515765485295018,0.21395788474945784,0.1897709009494962,0.17621967035263314,0.17139533809686122,0.1579393244961992,0.13082361317088143,0.12288312813228942,0.1083334556338629,0.10056376214899272,0.08325798135916224,0.06151047245189335,0.03570407241042109,0.04383218475031046,0.03884639487797199,0.03307225402738249,0.03651018600860191,0.06257069201114113,0.1157011353850196,0.17913442078316322,0.23002370699696062,0.2264717392956826,0.1884372063986162,0.12199103140030573,0.10175168458753708,0.08563082560741803,0.07253968056784554,0.06959927549110055,0.06947684953815,0.12180371761300723,0.20036624636062272,0.26658153301547527,0.31852352562037883,0.3472083998878953,0.3984741264970793,0.48817234962628564,0.5602472039748085,0.6020818103741654,0.6031810883607958,0.527008572019646
0.1254904377477866,0.1488273775086278,0.18774393776129056,0.23342203273404108,0.24110597315355375,0.22842024937139138,0.20930445871433717,0.19444245653831332,0.1563653657305793,0.12163522886143407,0.09708227763928112,0.07490677614779842,0.05586181835079091,0.03982687966899011,0.025319893503579945,0.018255192608579277,0.013672752020588095,0.012372847288010882,0.012341827493319546,0.01228917184225361,0.012013407009994719,0.012036799512188064,0.013352662806375535,0.01976329403851019,0.04411913467046025,0.08291302756582147,0.134500481533122,0.19058069047570203,0.21445526573852153,0.19112244356482305,0.1601818394301541,0.12783619195921292,0.10606716029507218,0.09311551010742142,0.07316578764501175,0.0594496724362108,0.05053100709063646,0.03256421390773097,0.021169747086366326,0.01915570704846909,0.014408368720784976,0.011981275881381055,0.01211575365642801,0.012307998383604968,0.012132219547020708,0.012471076637866764,0.015067783464408645,0.022342954918714453
0.1889957067439041,0.25399925798191736,0.2915576727030417,0.35222455026238136,0.38685716819556915,0.4028988893982325,0.35904743205932665,0.35651998919287814,0.3441495576067089,0.3181773414808938,0.3283316446990491,0.3270441573334302,0.2931908935706569,0.24279660442709214,0.1871655446662513,0.14841007584471377,0.1193474469507905,0.09623991136527309,0.07015108765598033,0.046364533202933364,0.07355839348390693,0.07755712274284371,0.07630138111829492,0.0940204694410124,0.18220469488009008,0.29979861211481884,0.41152149555319584,0.47107497187839786,0.4929877674797729,0.5114086137315221,0.4746650013914485,0.3824703812015605,0.34030566160843484,0.30739620047692834,0.2867108125367541,0.27150894649733903,0.2593518475441164,0.2013699232661789,0.16366775576380255,0.1417495280718683,0.11707986216764855,0.08886248334905802,0.07336978289451404,0.04790944751439438,0.08259916845720659,0.1209810300214536,0.12227304138285515,0.13641046551897357
0.1941147470265606,0.1823822858908687,0.2380545015763108,0.29795136408152534,0.23486182890920154,0.2560483895896375,0.30142830386357705,0.23603219107263929,0.224978593012881,0.23679429526944665,0.22231415379882472,0.1790295807242095,0.13816931512481104,0.08998343168413131,0.054674478254698886,0.03797219740075224,0.018694025807949766,0.02352538497826471,0.034538278223406486,0.039407249169467765,0.032238140892297845,0.050178091120984994,0.12610920521257313,0.10985802397528892,0.22996058042856904,0.333013088491377,0.32269632816998217,0.3699749621527239,0.3566314876626327,0.35844164934327394,0.18669585206693712,0.11370741878152996,0.09148389461324774,0.09460259638549555,0.09676830406094125,0.08860130230334269,0.06548756144060025,0.04490356744932905,0.02756652597447755,0.015845028386077334,0.015856869651110238,0.018093785090506673,0.021605673415578293,0.022125027348809154,0.01673238522959114,0.023040449218465923,0.041828176280247736,0.072590833400311
0.0992974671843224,0.1476216393813989,0.12771108432297246,0.13983618840833395,0.19912845442063673,0.19063526555434177,0.16058098749977018,0.15867171422845355,0.14051476475718036,0.13565651417018657,0.15117549901816896,0.16180615406587334,0.15649752250018079,0.14942425888158886,0.12145944489887282,0.09648071985414877,0.10124134293890263,0.10827586159467747,0.08312354989076415,0.07518483038886876,0.07920506071997313,0.1238043190652868,0.13770845658315445,0.15985056801474265,0.20214049803488596,0.26666335924437656,0.3001447929821155,0.36997189799120095,0.3539370951268225,0.3412059075671081,0.25126236661285933,0.17505926959700063,0.1713942542628179,0.1624384557978335,0.16008031706239356,0.1049465781224362,0.09357194755642617,0.0775708790078691,0.07414836482479821,0.09115097409229399,0.10269024644918892,0.14892835623701542,0.18120266208777064,0.13573452844696052,0.11008104471100608,0.14694155614071117,0.16767045550718984,0.18180159033357762
0.1289250426244325,0.18063445028234526,0.26213646847734384,0.29707391599953664,0.3314972549263061,0.3835440834067655,0.4021862664537169,0.3393834770309056,0.2580651469566135,0.23249979694281755,0.2196941368624744,0.17650084169822255,0.11557305136150936,0.09146897575896902,0.0628646798207593,0.04185113989247688,0.03484014402202987,0.03019565395750571,0.024958421493095104,0.02347153362100816,0.03746569587380827,0.0560948858137975,0.10445272653460519,0.17697596528785556,0.2343753431813066,0.3065683483362404,0.3427086181994362,0.37388252401398714,0.43650587548743136,0.490233988174834,0.44943680363061944,0.3069238644486,0.2606657984098214,0.26313743798636124,0.2619143084536747,0.27385827408626595,0.26111018344572573,0.2838930368322712,0.24122601957659195,0.16715231555452448,0.11916304791259452,0.10871977723525691,0.09394696694063785,0.09165330909422649,0.1713131774036146,0.2219167747994466,0.2500263487363049,0.2850776787933382
0.2337544421848359,0.3406280642563907,0.43607587324513597,0.4468071605132806,0.48741544513621027,0.5398935932985527,0.5245868849641084,0.5281861451552641,0.5240739430865128,0.5077041238961875,0.49886114721427227,0.4289485454097758,0.3254826806763719,0.2972032178867145,0.23667683331763667,0.20503731968037078,0.15397366080709612,0.1313381595765288,0.10732428680283208,0.10173796212076394,0.14486696119016884,0.1748953955012189,0.2614799333356714,0.36086895464591096,0.387022036874726,0.42858490851201536,0.4770038895143269,0.5181016147388434,0.5620471550829029,0.5728949209835527,0.5788025182823349,0.5692723800132966,0.570856196066113,0.5753885534636454,0.5484272930862834,0.49845117068282574,0.4579442123739056,0.4013358087044552,0.32588418202451713,0.2619351328959486,0.24440035374309838,0.2101329842886637,0.2444737103479594,0.23730601287774625,0.2639374263606218,0.31590735254904145,0.4079883666415638,0.4600686611643502
0.2106900022596084,0.2956183015660426,0.34612653434128615,0.4165381188998547,0.4572089815948878,0.4609362014863248,0.3984335616274989,0.34895251093169344,0.29320410711528694,0.24177631012628237,0.2052268959728678,0.20868876857735424,0.23719697687130764,0.1641802811492568,0.0791796808590245,0.030271416019146805,0.028273840812451722,0.03482114722918932,0.025590640514914654,0.05940323508175355,0.09991813707570238,0.19220089921419903,0.18584763991038009,0.1704297237820956,0.13347714204701086,0.1800922833318856,0.23103684865753726,0.2695905220087892,0.3332061551594953,0.28351093047755255,0.20434345957334005,0.14576084613996587,0.11170238863514834,0.08214498966687024,0.08628161971529896,0.125088375900114,0.2122498298320599,0.12203198298932287,0.03632311876746576,0.04929358444470984,0.08616430572930572,0.04014762534519699,0.038641817316105234,0.06199139668306798,0.03861130419858517,0.040461038731002326,0.05103659724423374,0.09103763975863143
0.1151332141903412,0.19810663734607586,0.27636581584191644,0.256948839668639,0.284178716300882,0.31120655132751934,0.3070785478754566,0.29327196946477874,0.28761826434429816,0.2588422236565676,0.1999550269036853,0.1781893745844349,0.18450765472844655,0.14072928567370682,0.13819601668831025,0.10553973505420514,0.08586477009091054,0.07224392476201358,0.08781202564868809,0.06866799418213475,0.0663451414004216,0.07674924252214424,0.11521728083512194,0.14071652229358236,0.1886704921243802,0.23595586181159156,0.26342825892263194,0.3156617988350205,0.3540056089132526,0.40481054292382523,0.39080450848044357,0.30527072543860867,0.2970554524981116,0.3068702386530685,0.2522466946107621,0.19799247353526417,0.16759789583826168,0.12413565985043964,0.07790154305629829,0.045769607934916745,0.030446704197872945,0.033968734477247416,0.03353107032115402,0.03018093630977859,0.02032320970671849,0.021947010622095933,0.030253851154293843,0.040433063633792815
0.1717261354532569,0.25847548814291404,0.29633885431601337,0.31575566625693846,0.3604934422689776,0.38505934136951386,0.354290286802061,0.291822760043016,0.2741705471461115,0.2628221803850125,0.24260621236408064,0.23591336559674062,0.22331495700126897,0.19694676772108433,0.14706791757406318,0.12427396776886603,0.09179482422367527,0.07056762430866802,0.05754489664837493,0.03502306765050241,0.03325439555023541,0.04424447876546787,0.04674494337194957,0.08148135835544662,0.15483805315920313,0.2941069671274452,0.3267376787756996,0.3180222321924461,0.35413932949209165,0.3533301432770134,0.3263872987879778,0.30691325360528066,0.2710603053027658,0.27996246125524615,0.26595681390061465,0.23391220279345223,0.19778080426452438,0.18883677005328905,0.19025981137524578,0.15974167957510102,0.1294471436316534,0.12678059063336045,0.12404728157724562,0.0974545360512329,0.1270753544844133,0.14808213544545973,0.1459820665606637,0.15427450579351057
0.1056626148828935,0.1356048731164202,0.14494396559537592,0.14821456965075888,0.16944714193219443,0.20092578610308753,0.21967773500207835,0.23926817605776468,0.24907372033849037,0.20828872453908695,0.17134228750548336,0.15422964010255616,0.1465022230441514,0.14692388482348617,0.12998971494182793,0.11732719892581447,0.09959413046773744,0.07672473578028323,0.045162341488981524,0.016470844407480124,0.01132379317006656,0.011658657290551122,0.007111789422638866,0.003417053768023305,0.0046909400111828,0.007241246596683664,0.01098416673728475,0.02054029284700177,0.028042942216982728,0.023283177896499696,0.03162560383040566,0.060024132154719224,0.08545198474817499,0.09846747108766121,0.12306098133085913,0.13794969096757306,0.14332959959129846,0.1403053036673761,0.14950841986526633,0.11458565057887983,0.08153997389805423,0.09632804861127711,0.09125461808902295,0.07211445417705825,0.06761464062792641,0.08778487122546105,0.08240611032299999,0.07222823541635295
0.169711936999171,0.14412227898351299,0.16406468292489104,0.1724858740128826,0.18883828932438418,0.18009286555306725,0.16086497557120624,0.1601213646580808,0.1493502659840909,0.1489532879727687,0.15166133614260596,0.16008212482792689,0.19130435765730364,0.2069120616663291,0.2235047040635448,0.2464203626415013,0.24569045163166708,0.22190760716473806,0.2223323612062233,0.16533302844349707,0.0815371657212482,0.060549394600724844,0.07535763379498217,0.06694329884885906,0.05866814357346052,0.07925342813584108,0.11468566665192911,0.17292158967293186,0.2301519957974627,0.2578601366044735,0.2700451674762874,0.30893105497123496,0.36462315237888193,0.4759978858957672,0.5865823127080352,0.6353776605725506,0.6443672364951059,0.6155783697796502,0.6189634187412699,0.6200536139575665,0.5956079094690124,0.541026577776498,0.48231714506763,0.4335756309098677,0.3822347816920231,0.3244073391299209,0.2551394747892123,0.17833726269258296
0.0655536614289949,0.04277825552300814,0.05673089736563625,0.07106009548690033,0.11139552115618188,0.07644798614535711,0.061654239359223276,0.05809111618890772,0.0868659020157337,0.09187718483438338,0.08715174569369727,0.07607199067529319,0.07844380218513415,0.10821997999335435,0.14956709481598834,0.18504642324306486,0.15557561839022954,0.12883518159728086,0.10548634729709057,0.04963838492527583,0.03048771860128034,0.040777595839471104,0.03496790623720902,0.03858255203314817,0.05862155401594607,0.044486754383216795,0.029689732076296587,0.042238891504143755,0.07264969663397293,0.06081479014692902,0.056024057159426016,0.08661050393894074,0.139408516041889,0.10252840331790823,0.08905869995932492,0.07381000631290176,0.05463152204031907,0.06754806273347477,0.06064350035876544,0.02711559823554497,0.030785771617479314,0.029599265670827962,0.018325752346420133,0.01706391287974231,0.004486462670237132,0.0029231225433318467,0.004648115042391848,0.005830883519595587
0.136336558410879,0.12747466563750715,0.1402864093384614,0.18468922751487044,0.1986236342209916,0.17301288576419055,0.1480644041452367,0.14709103736495951,0.14651434064374189,0.1214889906728556,0.09399846182036894,0.09168326896995906,0.11130804645056501,0.12181205884388316,0.09796540886593771,0.06351152910644708,0.05078341435242013,0.048323728537270905,0.054493480890960365,0.08901930227346086,0.09774335499148255,0.10382969314501428,0.06999250087744242,0.06902349043348988,0.07615235031832707,0.06948178955285808,0.06524609107709951,0.049689418393200555,0.05485904888636084,0.051276670615003184,0.04900505444491341,0.07016944641695017,0.08588156764607383,0.0851285479571599,0.07210485683300866,0.058048159086354884,0.06347433347498732,0.160289619920703,0.30730711535244565,0.4154873391709817,0.5773382945494426,0.605119322760941,0.6388113002889334,0.6883795490856329,0.7064436228747643,0.7270874627908406,0.7329134541665796,0.7339488247355576
0.1291386783344631,0.1378335543313539,0.17038096789892948,0.21303476877585542,0.2561194797985449,0.24731402740080222,0.17671179829961037,0.12963123513024138,0.09798576227876366,0.07466007033057386,0.05801231999649768,0.04767441511233474,0.049886886259608534,0.06501481717578567,0.07474639932918599,0.07849043625607133,0.09136420913887583,0.10009900497087501,0.11391068742638923,0.07766909172417022,0.14233222408477442,0.22830241991585004,0.25910207161905374,0.33063060082323464,0.43568262533947544,0.4783194430063413,0.46768574093301374,0.45494962031145364,0.4851622003229007,0.5692288189308585,0.5835812257602832,0.561808946445993,0.5041455887371372,0.48463185961844635,0.500855828992633,0.5196784765027572,0.560001491913156,0.4999618836799762,0.3932938557341264,0.31170472603772603,0.2605707896861973,0.21754959066544655,0.22919056883635353,0.28934676891326516,0.35262936243189635,0.35222308155949833,0.40296972067901127,0.4609412314194447
0.1934039974528049,0.2584617414636008,0.337763005878993,0.3926134867866544,0.39434988339368027,0.33097027367573834,0.24164034070520146,0.22103104021777048,0.20341793848886391,0.18839963219426747,0.1753248546492643,0.14996818642194348,0.13151513389830674,0.0980416200514774,0.07135739930976706,0.04670767787225458,0.031967441658258024,0.023241706779535628,0.02045910178167236,0.01919568013315765,0.017989614783747953,0.019881736350289888,0.027735899369494207,0.03423214527879193,0.05552502529140524,0.08125983553817462,0.11521820077253689,0.16268079127865517,0.1819589503467743,0.16796990906119424,0.1574042916807209,0.15106564755344687,0.13351765060214155,0.12225878783096866,0.11490372359693732,0.08033901475612026,0.0646475015425393,0.05347665628542222,0.040200088139756174,0.02549843046108085,0.020349029629422272,0.014749171634470332,0.013154092176821137,0.012730213647424101,0.012180405913202144,0.012166438656282025,0.014039819591102247,0.01877372435658253
0.2944516341077627,0.3093419644020567,0.36627727019943757,0.24759900017267178,0.15748236353758388,0.13930527985314428,0.127506452390947,0.1710107827532541,0.21569574127129337,0.24324125248185471,0.2397102084616749,0.2180116961838206,0.2055784008708649,0.21018296003683723,0.1959388843180489,0.15780231730648597,0.15150049089382003,0.15910140007482976,0.16652157599622783,0.14306014669416173,0.2261835135023805,0.35249527817790594,0.46094053887694,0.5495898076823935,0.579418564863045,0.5779908154224379,0.5757946495501125,0.5923679851284349,0.6151762592329315,0.5801928293038159,0.5134064111131864,0.48114455400089917,0.47825717227479825,0.469221041922353,0.47400333651407417,0.4708848127153295,0.42130799864882995,0.3685155798997141,0.3283549156969457,0.30044709786316115,0.2757603611842311,0.27295557411059335,0.28079845416685967,0.2984512970564544,0.48612250356503794,0.5686638150601632,0.5643322619473521,0.5296447792717905
0.1436700149955835,0.1595555249580854,0.16116661294637064,0.206497225250809,0.20786622772173277,0.20934949974654454,0.2379693079658739,0.2232703938174727,0.21276668224237774,0.2814695658453252,0.3087980113271168,0.3572733170531684,0.29093626072829165,0.2906797025497733,0.3340282256611482,0.2903791040839304,0.24130506863843393,0.22301819832401093,0.2409822318486386,0.23140005841205818,0.22629353775624067,0.2259172639999188,0.20436201712254976,0.19967591707349316,0.1851581207795982,0.17495961337676735,0.15897583560398967,0.1255383478271668,0.11675362546175115,0.11630600969147073,0.10215545608306578,0.0793159754233963,0.052171797129817635,0.04428915184001192,0.04391658055234801,0.05231895263816395,0.04446056817581359,0.04115513638086073,0.03237496261852564,0.03211620725872603,0.03334248227434279,0.04013964963452268,0.06649644060167842,0.09085562270600683,0.08720835927735904,0.0855518738967179,0.11971043721051763,0.20691831735755628
0.2004478133152564,0.37002931497711494,0.5107706187308448,0.5283775100146453,0.5323666047550609,0.4948351576162416,0.4400938864903168,0.36015387325664133,0.2603865725704069,0.20251515868746486,0.18109155470335822,0.15230046895501503,0.13921381649213138,0.099553659976477,0.07412573996416044,0.05683865482903208,0.0491740564736145,0.03271929398892072,0.01872485078472971,0.016290078537572063,0.05042884434671396,0.061526771133670555,0.07959661588906475,0.11164575090394697,0.17100105708424043,0.2539376366636378,0.3686926431493613,0.452791003721677,0.5103697968279803,0.5133886052308378,0.4228356392457234,0.31975822973436024,0.2412340388522467,0.1998491801217361,0.19995000011329322,0.19845398628637484,0.18552910062691072,0.15079506259846515,0.11811003954595464,0.10045157378181435,0.07729814568695823,0.055866535575841515,0.031207168565775413,0.01841610758815342,0.03663822419977081,0.023514373675478508,0.023297998793357557,0.04674728322689366
0.1221729216737536,0.18818288030864583,0.22104278494267618,0.2325510028604857,0.2373322642127731,0.249924850136744,0.22399265412472397,0.19526419535650213,0.16350354460930003,0.17440868266698373,0.18284937950967406,0.17939166552652688,0.15788287143950375,0.14387453451582233,0.11755969563435574,0.08715255572682395,0.05143761914447159,0.029040809719205432,0.022653095080087757,0.016260589708406936,0.03316124542345383,0.05207212379484329,0.05926124179487176,0.07323449941282315,0.12253338771865951,0.22656155555002683,0.3385889264623913,0.42448156204041065,0.5144745691099964,0.5181474079390872,0.48855727247450764,0.45738674921829736,0.38013164973572455,0.34232847498827534,0.3351102805998558,0.29934060543986213,0.2682747185124366,0.24072253104572472,0.2110294297675554,0.17417924823773054,0.15140845539667763,0.14456153837641256,0.13208296422559435,0.1649541948561863,0.2787409352280466,0.2993527857313293,0.313682672332924,0.35712909807141036
0.173005895523921,0.1785166242854887,0.19574348342002204,0.21285922453907535,0.22955381052646823,0.20782998634025596,0.13405893397830945,0.08961753672077225,0.053963061842742584,0.04405874339513932,0.035579226772694705,0.04655336395190675,0.04829842119485049,0.060650930574473405,0.07303198836002273,0.09768523143896163,0.10376457091231382,0.0920635622516651,0.1358748878246326,0.10094271372214929,0.1049788482220504,0.11666330332412142,0.09945183247435413,0.10095796501142863,0.10569886669873314,0.12602384430559951,0.1723460719717477,0.21107150292038554,0.16168870648447126,0.13937639117347897,0.11115231051500901,0.07358854473234205,0.07021680246910925,0.07288235333412076,0.07009070232420306,0.07652471045912518,0.07233217713300802,0.05970544468237838,0.0608056153781945,0.07016591093447323,0.05480386494017167,0.048732217136291237,0.05295932155997672,0.06275055276955584,0.05187582482689659,0.05251798884775602,0.04972467786797714,0.06995562120239973
0.337897742445718,0.36245523572393773,0.3562601631155158,0.4167340020698635,0.4209290106120666,0.42937881131034594,0.43211313329572115,0.4444302418742579,0.39604846887966766,0.36023321594345226,0.26844900427212925,0.363227774793086,0.41077324940472526,0.4172017233037333,0.3422330138560853,0.28262971587951374,0.2275864303439428,0.17540303936804608,0.1743163516066969,0.1569438811101046,0.22711695676339322,0.3269898443336199,0.3680852886137942,0.43429093283282466,0.4663736259769148,0.4589333652177767,0.48974705108709576,0.5328334565472964,0.5426289070559259,0.5699367475028843,0.5421833717043049,0.4968876073801327,0.4563960807031522,0.4433524796613634,0.419646196709654,0.4172628248642491,0.4081001132592437,0.4118980650821714,0.392170882621245,0.3620177796372315,0.3579434614612523,0.3456159343812559,0.3547119107495941,0.42336314408663905,0.5057434940092499,0.5463773280866746,0.5111214590797125,0.4805852196280499
0.1037993920972644,0.07251720210037932,0.06060398276226851,0.03307420539286176,0.0118552552129829,0.008406008379223617,0.014910440208302171,0.03725377584778435,0.06876966798807622,0.10793895638681483,0.1369200769266009,0.15232588758254711,0.20250053648324318,0.22613153677438863,0.24450100984885403,0.3575567068184978,0.45772069047895947,0.5415768980796614,0.5028859743444603,0.43805567013035257,0.3716746774459482,0.22254014611983516,0.12711913680995834,0.118093465912333,0.13496200068167405,0.11285834888829246,0.10361909028060401,0.12204475089723713,0.1740977842364255,0.2558029927116998,0.3831303852478353,0.4594254954982512,0.5246288772106085,0.5308419755330527,0.5292165772270542,0.5455924767642134,0.5119442662019595,0.4500891864848242,0.3810402451460637,0.3071621974890443,0.23022663183846,0.15814968947428926,0.10336797204229226,0.06754193444790382,0.043081862560248915,0.014321246435655051,0.00893801929045722,0.008360453366519515
0.1248762350814486,0.14630015505860092,0.15828023736601912,0.09029659627260823,0.040644069096373706,0.03340613324075391,0.04158131599734445,0.03418195557010456,0.026057867600186226,0.019747586081203194,0.018666882344485117,0.013458057575141964,0.010126839967942973,0.009949554833557098,0.010238466849063873,0.012172228303568868,0.013315866113628878,0.013322183278272403,0.016692927625008798,0.013581312948845792,0.014262760582841247,0.01879877266247317,0.019643000754327594,0.027564879542718655,0.0503129655514737,0.08054732219942012,0.09234249475203911,0.08698488463652923,0.103755001033849,0.1099087143030353,0.10985394167429921,0.1117273834754988,0.10521506854344154,0.06956163901199458,0.06600043790637362,0.05327403527829211,0.04220472376014138,0.021252187216699876,0.012990461930190988,0.01251222702685813,0.01298823093317319,0.012681084216177337,0.010654062894061712,0.009401596848380716,0.00893666280035208,0.008926095147485377,0.009109501117340445,0.011616909146011975
0.1841584158415841,0.21771769350755288,0.21458515274990994,0.20243082661621148,0.18699809577837465,0.17694301750745,0.15962922746657843,0.21908602023438595,0.2556641879877135,0.23564684291558574,0.2260924302282947,0.2146081498307969,0.19468476292365094,0.17711454550900096,0.162960525750207,0.14789198609526863,0.15931819076723416,0.17249282169074268,0.1506755653748292,0.11416699027587163,0.04311091759061124,0.03402683388728818,0.04376106301693793,0.04871056861140059,0.050817707036136125,0.05563687860724064,0.055165947635181525,0.05267901702861204,0.052083000895000446,0.059077902052870085,0.08276559089126917,0.12810578151217478,0.1931552185144194,0.21952578854763852,0.20004643912587727,0.19289422391275007,0.16160599355291064,0.1381515992197588,0.12162772105704395,0.109026251745333,0.105332311557022,0.09988269154545633,0.08813085941013393,0.07659898917854473,0.03525242100008248,0.01977405780202891,0.016692340655494235,0.01389208234822022
0.1292044123990879,0.1365742638135592,0.1670840344302039,0.16937977427044215,0.16552898609910258,0.21844784406177914,0.23499285970879824,0.19995914511635904,0.1667796226378062,0.14184876690190468,0.10971295260825592,0.07974807087881144,0.051999691517682786,0.026007777807140028,0.013103519314981948,0.013348444022849633,0.018662671224297794,0.019402015692512053,0.016196200755058687,0.014589756509340924,0.01675183029596643,0.019281744853403737,0.03099598599145687,0.0463556315732424,0.07431932235442704,0.10050408671557198,0.14679697860517182,0.18226720203597024,0.20966893401617756,0.2812786997479606,0.3011220768616661,0.2280052487837314,0.17739535448033977,0.12273292888549464,0.08131020083101226,0.04320874064579984,0.020244501471442782,0.011609902690398547,0.010298339070482122,0.015680385572051772,0.02578690561178474,0.04219431900197265,0.05534066087839559,0.050618578150739196,0.06982900908326731,0.0852300197432186,0.07477860268262038,0.08314432312082323
0.1906907797213163,0.2308581949329977,0.32516242132336926,0.3682382525517298,0.43158273220591653,0.5236362825184021,0.5379420078660662,0.46806069499913194,0.3027091996757495,0.246931039270056,0.2550528387917519,0.4048946634821565,0.5482978795892711,0.4710248978078799,0.40686769592841165,0.4348415025120814,0.40888420619726973,0.27985481783380584,0.20061336200313984,0.18468899610059683,0.15672893715098116,0.14098907906205427,0.13199379709201828,0.14857202183924612,0.13944858690955136,0.17691677609731493,0.17018158267713226,0.16045751507257183,0.18655779396635927,0.23424435546573713,0.2615745744271589,0.3087988422834116,0.38147424507876876,0.3883906872829555,0.333359785339549,0.3955658462603447,0.353052290255744,0.3055431377333906,0.3068104551154425,0.3275959343716249,0.3046681485852205,0.29257757483240454,0.2742265025139041,0.21128035129970923,0.23997078245659545,0.2579113818764014,0.3479925222171889,0.3627566072083921
0.1641585012633265,0.27707345809566064,0.39007659395258354,0.40975464652554017,0.441148077579574,0.3780117714548061,0.31003827591011,0.22624752224321573,0.1892373617654156,0.1440442203499762,0.09946639978189359,0.07321932085026199,0.04245332072049838,0.025267207311885302,0.01635300378058455,0.01650787556578111,0.01730732892895808,0.019088251188927503,0.018363630498518572,0.017425219309082172,0.018241093960178777,0.021387118549721626,0.028168110047181217,0.0611172669811813,0.13198920372343348,0.20727197312431578,0.254906269773114,0.20762564492287158,0.18540648479273314,0.21408900694937383,0.23946711614392105,0.18393312715880744,0.13992869270829544,0.12036037354021087,0.11336374481338099,0.10236573680716679,0.07992739825292544,0.053940553602352885,0.03292052913530093,0.022968297764957388,0.021210937409901372,0.021621794788475097,0.022242688124134057,0.01950297055172898,0.01594704040196494,0.01808182232114362,0.05756379921220564,0.09907225152398741
0.2585244542691351,0.23610246300637477,0.363565438400647,0.4469635583016484,0.39475027008277985,0.43806442527463874,0.3984619028647829,0.3957479435414981,0.4025684922987558,0.48180406413743365,0.541444004318718,0.5976890976380281,0.6471956527451336,0.6450879171229597,0.5925328412842563,0.5524815755558938,0.48381452943945724,0.3906352938189228,0.27285099444893246,0.21093577328297647,0.14793887213103896,0.12624632499860158,0.10604024765376684,0.08980230946363761,0.11043315277253782,0.13938063208838802,0.21547089875562658,0.2441840864855559,0.303109749524482,0.3416135421674644,0.43591143143848843,0.4256505259708543,0.44016375427203436,0.43132705409355676,0.45182259130751146,0.48163426396547115,0.3812721056702737,0.3789620479644741,0.33427816594301335,0.21977075819945513,0.17364437143020617,0.0976056435229607,0.06984600945488006,0.06643939195536118,0.059667359647262774,0.05724752219408184,0.03696935394415812,0.030006033602410945
0.2269468581171298,0.29140990517106297,0.33975389538916273,0.3895441696609458,0.41605138928628926,0.4069359412625638,0.34848936480718407,0.3266833468601996,0.32583391870389294,0.2867699041150476,0.2570597716298059,0.20576667790431297,0.13773204534010186,0.10258963561990488,0.05944104940278267,0.02022726501837474,0.018556080148112757,0.026641660104298873,0.02726481824572088,0.015161943652463327,0.010174532880282213,0.009648947456544044,0.009805646675834187,0.012388865187336368,0.03137669393642136,0.06439229402583861,0.09923536112619102,0.160470696599961,0.1998715610091614,0.2162370964462372,0.2038178763626096,0.1519226580742356,0.12142264593705882,0.08414400940682337,0.07964961350806717,0.05458305112601167,0.03994394481067332,0.03487060641589106,0.0270441134521719,0.015120161495680576,0.009780537830749138,0.010007451667776073,0.01036265502809185,0.01012886704746913,0.009653477974847882,0.010388218893381642,0.011884221821363354,0.016061169629601954
0.269441876707545,0.35885470398995145,0.3233877545790633,0.36185220766409226,0.34976475911640387,0.3512253104174273,0.1762680370427513,0.10501153499297256,0.08411669328303968,0.0881194592943911,0.09262716146985266,0.08451185936988964,0.06277849937089032,0.04544124389064543,0.029867160747418346,0.019401964844017267,0.01894850918868013,0.01848153252414838,0.021067996974261805,0.021256473097451732,0.016339467830167553,0.021205111365895164,0.035768976383873295,0.06427752842303275,0.12520614753633766,0.157240832660678,0.15820581720894433,0.17595604177661103,0.16962534682670316,0.1838310595529245,0.18069530963879413,0.1620604151591289,0.13222420580095534,0.11144172467322028,0.10464205208793442,0.09388035040789006,0.07755672637285768,0.06353438418101783,0.043630513799764986,0.03006801930096879,0.027501972810199928,0.03443127641078495,0.023357706047638073,0.024035026934066638,0.021759077703650848,0.022726427298564444,0.030393903139381402,0.04939657839514164
0.0992859862909368,0.09937292966501565,0.10731732239262975,0.10400521900920603,0.0990198693541908,0.08269619518571837,0.06925209895454609,0.06743230884734207,0.07131498320153562,0.07516848431029842,0.08202623465125525,0.07696617856555593,0.06595335244994176,0.0739346088178922,0.055756992255564596,0.049790035757390945,0.05970851766771519,0.07656741144629209,0.10157402768776089,0.09861125368598644,0.051844111240940696,0.03912528054584348,0.0651658398476587,0.10896126675127758,0.13371787003103774,0.1594724495608431,0.16221242476180883,0.15690532049752665,0.1393157071099066,0.12223180718510944,0.11429611234774537,0.14026733094868613,0.15296418259943467,0.13099820751626864,0.1010768740871811,0.08322647266566405,0.08468414835437986,0.08303644771344604,0.06973727265100388,0.07337636744970358,0.11640046304642176,0.1794927552235794,0.20593199311571292,0.21762229094129232,0.15483914983528357,0.15371335582008291,0.21737627563795453,0.27418463026105666
0.109374136501796,0.0986767433019059,0.08373185104168844,0.06991963302239806,0.07125097169118416,0.07981507108014924,0.10159241890902221,0.11136501674351816,0.10435135620245048,0.10638167355893079,0.08983154436424735,0.08768375958042599,0.08395352238124955,0.07668685571550711,0.07987927038252285,0.06255918116100123,0.05342786321721645,0.047467363593057574,0.033856712020241125,0.029281103537878952,0.01468469485150763,0.005102770675642084,0.003934267339356571,0.005160302223556816,0.005486083998877428,0.006509391835260005,0.006506129460893094,0.005294384347339429,0.004149620944927191,0.00836808193420521,0.015433435176886346,0.026027332770844215,0.030032973959090957,0.031081331621536805,0.04760969667993374,0.05870139911387848,0.07380342674463773,0.07711794235146566,0.06513606041723004,0.04812635520573748,0.03576384378406666,0.023428859951021036,0.01582220493535828,0.010557667716242456,0.006348501291339234,0.004230876065885676,0.002997872956713956,0.0039211673675025125
0.2452147655142663,0.34856805694131726,0.40170725950199726,0.5199470978784666,0.5814009951844803,0.5814049812286356,0.5083343780096027,0.41767878704301015,0.3545397164433678,0.32888875947190105,0.20361122379855967,0.14569678772631459,0.0967293292864752,0.09251945929237052,0.07110827813466275,0.054745871410178074,0.03581824683432547,0.03678373049238394,0.0350522992296033,0.027572639535871676,0.021375378802616106,0.018390962456790137,0.018744182841588818,0.028944865201024253,0.040901922151238536,0.13340938230637947,0.2524169711754078,0.1842370909603434,0.22950078882434177,0.2403254035135618,0.2124605006784826,0.17215574746182194,0.11204008549361176,0.057870599118425896,0.04741804915384887,0.05361369160965062,0.052706958397378385,0.0521938095478504,0.054897617099539435,0.054311809474134845,0.06491606530176579,0.09312531530825552,0.09436057240233975,0.060303753088129755,0.05424358114253413,0.06926986621855141,0.07498825467923778,0.08113401065901435
0.1739960148723321,0.2257976175551968,0.2661621427220174,0.2557817333897485,0.23824051464782328,0.2926903489488871,0.31188448940812624,0.28486042127434397,0.3033126731249547,0.29230282769909327,0.2393864980702608,0.20209756331817808,0.19951996646954417,0.22863224791041464,0.2575395930497495,0.28581600307852867,0.3264615667882117,0.34484788896160457,0.33944878009856794,0.35416234231907784,0.43990786106297297,0.4654738252390028,0.4196711220089775,0.3040804296295895,0.25068349752577784,0.2501272680923987,0.23648214905869436,0.23541227594401623,0.25090368731212875,0.31248170158500044,0.3437562182746382,0.3400740407680875,0.30903197171610847,0.30127487969362554,0.28798851366090106,0.2707489068165837,0.21614093911993487,0.22399185250964018,0.2080543943774066,0.16111208413631553,0.10888762556860371,0.09372862476380725,0.09526489866216659,0.11851390476966074,0.14572166705140308,0.12746782124022266,0.11752183315834376,0.08999114180673713
0.0922213163356062,0.10145982609367021,0.12746764993201615,0.16699259430671148,0.2123668432300091,0.2663266223154903,0.3211476570542303,0.32236684389270587,0.37689560029892477,0.4256422541302971,0.4471219831837604,0.415870082708628,0.38385596292228563,0.3450566205859761,0.32136736059298454,0.27835473793591514,0.21989264067915876,0.1640698874602769,0.12224000825929299,0.07041371657120105,0.026812362736155802,0.01997772581545358,0.01844160344541436,0.049283583031874245,0.08775975096935394,0.12892033218726184,0.16579961950357464,0.20194930586469528,0.26716065938910827,0.3087186388995559,0.3276718811571962,0.30997543070875283,0.35825117531141204,0.42798056847953636,0.4900552823874158,0.45761561993294514,0.39941457746709735,0.35784898258528036,0.3116348059136208,0.2712957882388823,0.24655051028978014,0.18783406192893204,0.17045800416301843,0.11585493136974617,0.05843762360010921,0.06418177060465177,0.12222950249355621,0.2349366310349247
0.18611573303753,0.2639593963452799,0.35093016032653424,0.4042916825552062,0.4722578163711042,0.5440730561313083,0.49183416263897184,0.41125152396564996,0.4199238619882999,0.40897013857045184,0.42418704569302185,0.41123130332676905,0.3919128458483791,0.36363343268705933,0.320447281137488,0.2515748834795807,0.19167416423450845,0.14813771875054482,0.11295954575029135,0.09239317573896175,0.20281844522760764,0.24396745049756474,0.21673836404519758,0.22384762972173275,0.3121036880910217,0.432201302546824,0.5518625920609854,0.6173328565663464,0.6281972879570071,0.6409653100765835,0.5919809021138307,0.48263409544131886,0.40824530162962747,0.3468430810431187,0.30400745011038843,0.2864546044460731,0.28649376414397276,0.25922914394578817,0.23420271531920156,0.1804485278975781,0.12816205843163517,0.09382792312706684,0.06773972256565788,0.05624248512356517,0.11732237666218406,0.14970588395258144,0.17576937306377863,0.24432155907546055
0.1220393993549844,0.1580729539948486,0.1859610178075303,0.2040055403645607,0.2052026907054161,0.17144854673384946,0.15154689088181705,0.14375031165802526,0.13391171359273685,0.13950917161002457,0.15093681411518642,0.16030312665162266,0.14771608494944588,0.13284200550597394,0.1263962404782876,0.11617499071823778,0.10776524511491206,0.10048046407139061,0.08998214720978362,0.07469902152337678,0.06549104133308187,0.10557104220699214,0.15614047805810877,0.16431489947325145,0.20032076780487373,0.24545074093768515,0.32343134745187374,0.4128027811583814,0.46329674561626705,0.43081423159543075,0.39238749723428545,0.38211706380785065,0.37658354945934025,0.34345492769868174,0.3416084112507358,0.33401819574795244,0.30775352465020744,0.3139932066687384,0.3794788124739218,0.37287226282822516,0.38088719728257237,0.40616416718238263,0.3688010923089015,0.33998803038392095,0.32607453321833446,0.4325780198038881,0.5222228190176739,0.5908513478691605
0.1164129742610053,0.15165328887926632,0.19947064497282482,0.25765038842641946,0.33583925978745355,0.3800652355313873,0.36881363676126583,0.3638106484965953,0.3551060532915412,0.377809180505209,0.34888341923587063,0.3135546195527138,0.2889861716032766,0.28918653447335396,0.2694187141690246,0.2755667306946652,0.2913306210126536,0.2858000976855757,0.31798362201632435,0.28028349437521166,0.2870177250384738,0.29327508491137766,0.365419556544901,0.43728337879617213,0.4164000892665408,0.39350307609261853,0.40095364715028986,0.3940684952332216,0.3618692683113959,0.38936010324956605,0.3481347684178795,0.3671446069234614,0.29600238599608286,0.24441644149104624,0.19728435615318363,0.1999534675500389,0.17330937040061406,0.18270724235893265,0.17061420571958896,0.12554917904631868,0.08685623890620703,0.06478745337328538,0.05547696702098741,0.05509485799169263,0.04881775337443589,0.04887057996558315,0.12145233930432298,0.15150221611983264
0.2171842573376815,0.22294647714838942,0.2058881888639542,0.21692199427625872,0.2078026032396108,0.2665861908807663,0.22691046341229626,0.21166153487830963,0.23735845848486448,0.34501736129915367,0.47311378434140233,0.509221546203282,0.5074759253492831,0.5067854836030827,0.5115772982089661,0.5018596396186856,0.47954958542134496,0.45576891335674236,0.411914303476692,0.39138363621037775,0.3612028529618474,0.2240706068377829,0.13400246603979538,0.07095335346481527,0.051535621472229454,0.07181838736361545,0.07663965092630384,0.09127587016332611,0.1464214332761673,0.22916342275629292,0.274265519430128,0.3731602044301114,0.41236981499005704,0.46857895764167035,0.45357434275037267,0.41969489328312715,0.5013154185733082,0.3977470221741397,0.3406313383100275,0.27419291420458247,0.2112494842105742,0.15185900170200076,0.07145850194496746,0.06265896149742049,0.09424128274087415,0.09992989021212717,0.04204555598842161,0.034935494416740744
0.1213007736943907,0.17203145443346296,0.23413876968407799,0.30497724040112806,0.3370414035457141,0.3191677162661411,0.2791198961512345,0.22343312205281193,0.2613941265020008,0.3292660508307958,0.3942335720977661,0.3700979244512823,0.35119421499320735,0.29696514789234973,0.24060654682271782,0.21053686572951127,0.16525991869592213,0.1257286635432887,0.08838056673325738,0.058788205255020355,0.06346498354337335,0.07297295508767997,0.0852479060404049,0.08943765178399198,0.09183119631373829,0.10706892212522681,0.12905787546622496,0.1648435037855517,0.191915785360444,0.20783659823972972,0.21675080027479748,0.23741672862831315,0.30130911373035074,0.39100375241287233,0.4155758380928791,0.43882019013330037,0.43996507034849797,0.4347945530080174,0.4324685748083108,0.38561696031335657,0.33850093055043423,0.2860117315750319,0.2187222127518666,0.1474533686119918,0.14844085959463338,0.14005194424860176,0.10943903879961414,0.0954524869025981
0.1796429818615065,0.2482303709096541,0.40356981930376423,0.4903063745608026,0.4956376088833593,0.5000728258128793,0.39833773320789967,0.29397500100838203,0.23199610541184024,0.15861255516448636,0.11817424521762318,0.08885860264884177,0.07734206350324344,0.07510626701985659,0.0868314224804059,0.07537731993087404,0.06138611829695837,0.0625725317757038,0.04518449245228094,0.027414057644502443,0.06588957500291216,0.11633881765730515,0.16368121681643216,0.18317921222402758,0.2678081911732151,0.3837912745037747,0.5158628694065585,0.6161383217564428,0.6496543455357002,0.6572794508155045,0.6048610680377594,0.49595839822177495,0.39269029813958245,0.3674730687068711,0.36303708063256024,0.3339138564580096,0.318476797980805,0.3093480106289704,0.261450196515957,0.22086293380464628,0.19534917272243074,0.1806054794160675,0.1598186787082615,0.13668088939040363,0.2143205579234746,0.2626363254575133,0.31584463081400754,0.37001867732309823
0.1572584786672418,0.22108937616540264,0.30673705961777387,0.41396583500460393,0.5409537373339671,0.5521153717748688,0.46815274326603196,0.36695390977202913,0.31060527198874316,0.2615013408578821,0.2171284670926891,0.19312075185033412,0.19915853582849435,0.1949158823523613,0.16853348594901238,0.13426650649975727,0.11025846215741271,0.08432605077488442,0.08076309811271264,0.08127945201682757,0.09824067960362297,0.1251949304606108,0.16715564850446163,0.16799893169552776,0.22345324173499592,0.32643807593319973,0.2930755206524547,0.4364880374221788,0.5271085286971884,0.5500839733524687,0.4933682941594813,0.40896484453237303,0.34230206442946476,0.312470757705241,0.33570148133072353,0.3814539051795155,0.40597036655797814,0.40379142267165746,0.33377340137637423,0.25442875414716853,0.21375908992072112,0.16351661765421482,0.1592922216445219,0.14871180705300063,0.18618920664469915,0.32276086183560115,0.3923903492414486,0.4831771852527796
0.1098680574744404,0.11343856266171129,0.12553750645223444,0.12139373916551789,0.10347890144689562,0.10208349906352163,0.1628447038278854,0.2827687852795175,0.34716042594312324,0.37125570366221017,0.39288821754345316,0.36973770331840494,0.33661043310316197,0.30716903914109883,0.2650418980959788,0.21484659437964962,0.19686677528666888,0.15685587291394168,0.11700535115859273,0.0854376587246001,0.04869118569347798,0.01696106342724816,0.012413801178155905,0.016936834717798967,0.027458268978249593,0.035457758274522494,0.044619872661806545,0.08663580360397738,0.12990652510544048,0.16332051855927918,0.2710869619674895,0.37702485347314796,0.434295222937899,0.4551816978765478,0.47127789109698914,0.4993244154762462,0.47738359620498794,0.4680586087202685,0.47224102697646275,0.4207239145144267,0.3770696876540892,0.3385223046800512,0.24603677047117467,0.26501242091981836,0.31025806446703086,0.34221010814985364,0.32441403973081673,0.3385596403673625
0.1369922630560928,0.07726176055848105,0.08397050698204253,0.09719850163212732,0.13740960661677384,0.12644945116261086,0.15336226922401425,0.1316982238775797,0.11197486766574025,0.10198092582894197,0.10187801751392672,0.10114491199856646,0.09484141786498984,0.10559722934918858,0.15504669759363654,0.2102105199159572,0.29394189860033965,0.35671409042246727,0.40342134759012316,0.3883557323831889,0.43485115800900576,0.41822547039595825,0.434578640079355,0.4256734014411077,0.374392670420292,0.29347090638854817,0.3727605264651551,0.3354095281880882,0.3197079985725266,0.2935354599724184,0.31343879510709494,0.2991228011717618,0.350950617228252,0.40788007597639453,0.4474739124989534,0.4632876950243744,0.4794359345079935,0.5214808007679486,0.5110707693628931,0.4297211709428612,0.35054528136526,0.267996431097927,0.2739316252272975,0.27411044025695935,0.22195119934450597,0.2822232381868733,0.2887088962853992,0.2710943943717953
0.0873503009387646,0.08680793335838385,0.07608552482852374,0.041782186824186426,0.027444078788506465,0.03173947259628702,0.03025854670528834,0.03496769662485413,0.04493823897388863,0.04427084264519747,0.0810932410099193,0.14733851489411115,0.17578183005941017,0.14686804660506614,0.11992692561210763,0.08328414699564038,0.080523503449414,0.09716437594961948,0.08321500034708233,0.06337941716926847,0.05592365017455997,0.03619221911013008,0.023001865505805977,0.013474578661706298,0.010426196338518793,0.009521633416723855,0.011819841846593945,0.02431469199817919,0.03245597738846361,0.037728437839174296,0.03955141250280353,0.0602267172156101,0.07124821560483323,0.06422246112364074,0.07044459312059709,0.05780155231448566,0.045524784726976374,0.03749851385083822,0.04688882738735102,0.05907469556448629,0.07502145289634006,0.0856831308542414,0.11670579437643303,0.12540379148635986,0.098877706248828,0.0724581236500593,0.05821222706754464,0.08246009013324662
0.198490170703149,0.25796932354876395,0.34768104601603594,0.40477471634108564,0.4943073229832757,0.5158681864226919,0.4032139959434059,0.3149531238036404,0.27105687699366765,0.20046367045216867,0.14866802703446208,0.12726433024489947,0.12024713986363117,0.13452609340744334,0.11078318089239184,0.09517638590662245,0.07156389824701417,0.06092087200025955,0.057005250435024274,0.038110599120461636,0.030627915829299385,0.02189724300613333,0.025315149790229023,0.04572296176250236,0.09991183902478407,0.19844403024025753,0.1689411142698963,0.09958891500419306,0.09456961010968784,0.095663946632703,0.09883879339845925,0.12491112089752505,0.12595408668101118,0.07298076109466917,0.042349499764518586,0.03414404009675117,0.02954901296015642,0.027797772851873574,0.02259633861102817,0.027602314969076083,0.024323057746428046,0.0183057602789976,0.020957498348586602,0.022151374619550766,0.03911195799413786,0.0895026918809222,0.06932189633492629,0.07683609422507892
0.3545346233643516,0.4146574215978941,0.4206636848883586,0.43349591785101105,0.39658529348502797,0.34148830803011937,0.301729899999408,0.3917702247811071,0.4956116390154844,0.5487540384605211,0.5934307222456489,0.5881168822232737,0.5435837527453351,0.4575306313641453,0.35336068782071195,0.2636665590450279,0.1828183601517644,0.10414161697612381,0.07422766983337911,0.03786864581916169,0.02191486571249926,0.027284901920050897,0.04030679333307165,0.06925602442276657,0.10521860632141142,0.14507807244928642,0.20732844110286408,0.26889655180474714,0.33818933271444346,0.358644944128074,0.31108823321888823,0.2663222098557618,0.24616857629512406,0.28245413098712857,0.37183432749024564,0.4170735741020851,0.4333565621617771,0.4141061148103278,0.45576741420346023,0.46491220699657176,0.4837582057019326,0.5129351431324745,0.5235955928004301,0.575525632034785,0.6392341681142659,0.6551551245402121,0.6333121671979884,0.6589744964147759
0.095297213163356,0.11694529241240112,0.1354439677348334,0.15772272724605346,0.18904129616251794,0.20286388348670117,0.22156087901049734,0.24121377849988848,0.2595289820970702,0.23668631798840692,0.22952443234131034,0.21851513723437335,0.20400907657422682,0.17171397766472318,0.1561592287076638,0.14468753874541115,0.1486040321694102,0.15661115177764384,0.19016421188503113,0.17031877922749084,0.16163381068567034,0.11801596148185432,0.10984050224217881,0.10553432412118852,0.12040542242227968,0.12326317779651172,0.11908379688514587,0.12953854743016124,0.16164211325941014,0.20753012914086433,0.29569499749309824,0.383709228306633,0.4797852103236092,0.5405526775148957,0.5555119949608691,0.5561836134075921,0.5816009385678987,0.5808502786330554,0.5440044530011787,0.4790537296165458,0.40928048962360464,0.3950791341307184,0.4063396650995032,0.3277495665025175,0.24626359123898087,0.2658617171065492,0.3099414782444219,0.35625403249198584
0.2452579034941763,0.27859610481147307,0.3663539348652599,0.470772670096109,0.6026326622875671,0.6287930472854116,0.5680108221923966,0.5272340773008851,0.46728867370325106,0.40650883831984364,0.36839525811667984,0.3635646710590467,0.3407072906661688,0.28312881267973733,0.24777078708915476,0.220979100906515,0.2057297731152548,0.16478535465079155,0.14652594064137978,0.09813316662101235,0.14746646248418585,0.23227157329180959,0.25912267290622354,0.28474977402569956,0.38149060872272716,0.41426355681232174,0.4223645753974504,0.4255742184997324,0.37367556157423654,0.30735599283752213,0.23392419334404868,0.17534207737957558,0.1830514943975059,0.15744530144249563,0.2034898089269018,0.1629251399852893,0.14557256303161684,0.13505631713846253,0.17975054400042123,0.22343636997999106,0.26108641937722826,0.308803545775599,0.3225964061631872,0.3280261000471875,0.3434887757373149,0.3987551172800443,0.4226958933682116,0.4108762879695619
0.0750222137598375,0.05972828550453897,0.04463868597859418,0.03790656178348478,0.04731438915729408,0.07685845077818954,0.13489049974904,0.22321313609556664,0.2776728894900877,0.2927221590426116,0.3103339974026844,0.31299145666291234,0.2720710448389992,0.2768678222464022,0.30438924624895347,0.3132960435110299,0.3164682403864439,0.3217378924726301,0.3101834293387363,0.2625631675394948,0.15649690750305587,0.06888968351017671,0.04635673215766074,0.04738130679755567,0.04985769642557766,0.047882204230811784,0.03615135765900526,0.023791422075911842,0.022047428228072742,0.03706087855141188,0.05466333074048992,0.07486377554133507,0.10042481449916642,0.09702246294157266,0.10159330363818841,0.10711189057311261,0.09085310301247085,0.08455387533419842,0.07943924536107996,0.07767493287560467,0.09339787330248307,0.0914454736907985,0.0851333815982938,0.08693799693955455,0.06468752940062703,0.045288592867918864,0.04992927398154523,0.05931659296833182
0.1160863581274008,0.13795649532263687,0.1592264651415745,0.1430106831110839,0.21352607167587426,0.24647222578484668,0.1955976556954317,0.16235312873246965,0.1549028583791342,0.14008329204737158,0.11494758635277583,0.09572768750370034,0.10622533180850294,0.1164615643626141,0.130819066230714,0.11098241353342041,0.1024755373894777,0.12392605389963765,0.15291589613630033,0.15911382601249052,0.2444437827758725,0.325373714808765,0.35677176335759647,0.33890206467861894,0.36365777151243256,0.3869804170030433,0.4326024673918249,0.472633655261786,0.5435051011536394,0.5419909291336809,0.46442992763245877,0.4230869390540701,0.4365016942558688,0.4139687651016395,0.3932948275477736,0.3829953871639936,0.32522076379224196,0.2785517188705594,0.2554002985593803,0.2438587676353594,0.2099468024599092,0.17986026327046684,0.16933758143483574,0.15356363857562286,0.18739961426253168,0.2460022053460515,0.2884271682285847,0.3606862230481873
0.2066802243174955,0.3120483099793639,0.27026191050691617,0.4133098537579682,0.5077275113492818,0.5345475063045154,0.4855419059659193,0.4066789178794481,0.33751988551607304,0.3001721451365112,0.31440860891667466,0.35790278167528145,0.3845391209155252,0.386018765192849,0.31667600525303485,0.23198461647149965,0.18655491318190176,0.13993228457504708,0.1428534820892231,0.13559402498362078,0.18282950465477782,0.32178117937725503,0.3849569394021334,0.4727770533927101,0.5425914626282989,0.5770564510932182,0.6008740057010192,0.6053588447495764,0.6433199942605973,0.6537962690635706,0.6252190071150232,0.5800974440543238,0.4864301901594801,0.4361858567893579,0.4274726076277795,0.43479747473574215,0.4576837331367912,0.43018656244309916,0.39547164924339867,0.36901937445182564,0.37269400688392784,0.36541821246673034,0.30773654073958745,0.2273190324923497,0.20248499282548144,0.2630468817798224,0.39904401356121755,0.527160736672344
0.173741295371911,0.24579377657134852,0.3209741572466662,0.3553248042088682,0.41845814809093157,0.41909879760408064,0.3367849013044162,0.28212771628756983,0.2552510230239481,0.21239775866301464,0.2149170472564803,0.16341475108197845,0.11279067931734296,0.09156676977708805,0.06831181533835037,0.05486164870549107,0.04518584422097973,0.04243916805607481,0.04349700747434235,0.04157577388326837,0.04195502547839775,0.06967978908938036,0.10963349363761901,0.13577229718864522,0.1546596893609007,0.2163959851314891,0.29094380472640785,0.2714567389979145,0.30433215952866854,0.3289625382953178,0.3261906231368788,0.3121682145873646,0.3037083031314985,0.26897114397877936,0.20266714218417586,0.17893105508965995,0.18192284281857263,0.13600799111455888,0.13428282178406906,0.10141621284252245,0.08454192202568617,0.07238229799059354,0.08412022791017487,0.06313306503893651,0.05717376381014211,0.060426736478852605,0.09450557598127411,0.12075756780320948
0.336837780653643,0.2746074868520638,0.3071097608081004,0.33516354128563947,0.40140864875638405,0.4496003048364867,0.45584687947113056,0.45812032967535166,0.39038258473101056,0.31071860066309875,0.30342104476901793,0.29574129240224556,0.2240527333087001,0.17386244007282292,0.1795549048336842,0.15310788774667256,0.1282952565784405,0.11744770226664497,0.10962985204960535,0.07220913392386928,0.10313320427426106,0.1538902760473949,0.18580164133858523,0.2549537756698879,0.2762488706587406,0.21568740787930774,0.2679336692895753,0.27720497947205136,0.3024661944865059,0.3458892189358207,0.2948067717534285,0.24721801013399702,0.2199662403058958,0.19045511765027406,0.17702724066779418,0.1603486267445074,0.13645315607580588,0.10257611881930917,0.08221156449774034,0.08006398707863724,0.08522300584930043,0.06575973344203144,0.048878754577652936,0.03327201737742365,0.03513793624757133,0.054174746240324714,0.0864464473797048,0.0884617266262939
0.27681641708264,0.37165364740340956,0.46932477724959115,0.5145265139469051,0.5512834013185273,0.5564373363297866,0.5437297774008774,0.45460200985046334,0.37710853079917517,0.29093155810430094,0.2766501219653178,0.2577139755786675,0.24725813658961632,0.23867469529726956,0.1660279894989878,0.10409943198991846,0.0766035613359741,0.047688306567874324,0.032253996844700726,0.025230851444409088,0.06477794661427136,0.10805022228722272,0.13365907674243924,0.18555140818327392,0.29349645458831813,0.4182117483315497,0.4829327919976371,0.5494918241949265,0.5721155078886616,0.5712661866567861,0.510174655838211,0.40287821404830615,0.31358754144678613,0.2930069361680995,0.2424486400219406,0.22570585810084484,0.212632652196474,0.19411052778789628,0.1620118489015451,0.12941435466645995,0.10109961240673654,0.09153773784170945,0.08924337118560594,0.07568662582915892,0.09395951460362292,0.11182680758718029,0.10021971674871746,0.10514385340402868
0.2466444814198558,0.2901357645540021,0.3670236166091754,0.4021323336109761,0.3519228732339467,0.22423681872171203,0.11412894729083713,0.0944770784167243,0.1047351718080428,0.0893061700990621,0.06459961260760202,0.048980788973755865,0.043453445063041565,0.04616557101274114,0.04642268119210978,0.05437689437532937,0.05544272640220557,0.06324000135885122,0.04722470816384483,0.02496822620858495,0.011232054326881315,0.009996250923371485,0.009833990928776447,0.012709746440788006,0.04496873668155219,0.12105074815540219,0.21628905764582032,0.3455275104988103,0.41205539413181935,0.443795368133839,0.40440979417669815,0.352598966770806,0.32670731487637694,0.3123584884889583,0.27816070075934646,0.2130090549606597,0.14851724963808555,0.09504577089208865,0.0611682967674496,0.04738736886393231,0.038650050357897134,0.02719759740616868,0.014599710983823466,0.011106355024485797,0.009783608918008793,0.009520406830545435,0.010424023196242534,0.01898923227315663
0.1672808693330046,0.17481393200663972,0.15368932473937047,0.12624704650209972,0.10266461816508515,0.06978574657648294,0.054269566830814894,0.054914969514181136,0.04790002273409519,0.03399344840137043,0.032567172407691074,0.04594765291157455,0.10515602797842637,0.2210916717669031,0.3309344029995354,0.4350276627439689,0.5440836669032965,0.5705555248735084,0.6104137234476079,0.6119955453372068,0.518948630030778,0.536943630618629,0.557836081731395,0.5491962689154697,0.5783485401405974,0.5669667071080426,0.5492925752963084,0.5000243150272611,0.428199707615235,0.2839465177432873,0.22934536855776994,0.2255795182429951,0.2180622045313631,0.18545266732954113,0.153759213787856,0.1557889463086859,0.1608000660457876,0.1836128111935241,0.2201879362635929,0.23791623692636216,0.2456370666826035,0.20320907015051531,0.16923510823000007,0.13545173282515602,0.08743618338962997,0.029995933103611646,0.027319883012460716,0.022269346076226403
0.1381981467377507,0.16004884911107153,0.19359750184254945,0.2265004905568952,0.2548119461907421,0.31462845848891197,0.427690632561185,0.5067520984355991,0.5481238010575623,0.5053258010282381,0.4272806858386784,0.3798692665316022,0.3606620862093282,0.3529870259767292,0.37577205993630336,0.4357796426569081,0.42734572007361993,0.3638913161584274,0.2928857430043065,0.2601413734430161,0.21673918741301848,0.16394004835328757,0.1656982522639192,0.18636601403967495,0.20454061859529055,0.20057520967530054,0.2043755787780535,0.23868486153606974,0.2674022013223951,0.35171587340108906,0.46721320996739846,0.5502987825720029,0.5859546750459109,0.5886628364371699,0.60322657742942,0.551023033432503,0.44842433808991444,0.3808879074941103,0.426080286354083,0.4193153942784382,0.41940329090057704,0.47843395378617637,0.43290997067198456,0.4230271447460763,0.45620812314676923,0.49258212070891566,0.5513367467428836,0.5452019312786378
0.1309132357004697,0.12206864862211764,0.14910014358692947,0.17417854626795867,0.26656510108216813,0.36508282367242756,0.3834313617707705,0.46516432915878203,0.5087704355437517,0.5458964209647175,0.5584636515887195,0.545837705176295,0.5225132974066593,0.4685437437499885,0.40478941599244056,0.3317151801988798,0.3023046282310837,0.28962606054762474,0.26410088365889456,0.23137743961601626,0.16480720345615896,0.20468753659445782,0.2302526448535548,0.1902559620475549,0.17446435752246403,0.1650118258942222,0.16191293123382772,0.18444165383398956,0.23560908934078456,0.31548616271895835,0.346396594079722,0.4235875665334826,0.4935989264051626,0.4718720892903965,0.4137712516052993,0.37364005538441536,0.35442452213806197,0.3295486099565815,0.33188620979470734,0.32861517302620336,0.29683008002383793,0.26591667973368405,0.24994685600368058,0.2345943569002898,0.28610846110459276,0.2708618137287018,0.18768132837653598,0.14935994790671775
0.0935087611183007,0.07404393548231322,0.076866862393348,0.1013965571861804,0.12481106202763428,0.11154462891653338,0.09367535468554695,0.08859237727808192,0.05729090562834868,0.04551927609413872,0.04218934173874831,0.10960486912512638,0.16640313954124872,0.2338593635938529,0.2756182747610416,0.3456205768890425,0.38652361983522326,0.35202715196350337,0.3070214121868426,0.25218009145670245,0.17329911020773003,0.09972089529887432,0.09727163047061274,0.06638720478377438,0.04652792523611474,0.04257494490134346,0.0721445758381066,0.10295658152694193,0.12306604518864035,0.12500367537195053,0.10794587520061226,0.07482955399717632,0.0574575136417064,0.03602744974374611,0.02978610448062277,0.03704996761023885,0.039784004938748244,0.04401612847419428,0.05880687093182901,0.08770891846068121,0.13184504127032196,0.13601346699247108,0.19105856644644298,0.20452122254232535,0.19639822639765273,0.1801281996242293,0.13450373477281144,0.09909538217440352
0.1314804543867217,0.14386161417021218,0.19338872947668873,0.23741826635844476,0.27232077794458875,0.24946128704148435,0.20186005039031102,0.18033723838274715,0.14085019067647608,0.12272225243679011,0.06865213134547163,0.03028283682474492,0.021497527347872872,0.02082278953687746,0.0133577044698436,0.011932814104582183,0.01521937028984223,0.022440513720794763,0.02728234539839616,0.01646618877810598,0.011413804536514952,0.013582358382481965,0.02794486287751432,0.056351312900366005,0.08328592536543224,0.10502970875485024,0.13150720787158138,0.17325674311170355,0.2143453801172408,0.20780223906192366,0.13987398464235717,0.10470236615872142,0.08186617750036934,0.06473695107234086,0.05383269653897221,0.04045336551996161,0.020091026990483242,0.013681968849215426,0.01181376060802512,0.011980969625440454,0.020311337470367966,0.023284508967783488,0.028681177281265714,0.019931529125696484,0.04492550433735237,0.055739357158658166,0.06935864583428217,0.0950623797278066
0.2675540765391014,0.2341328860778416,0.15789678632174786,0.1076704077929676,0.1062037694078285,0.12994998693480986,0.10240883013868776,0.06466803713071634,0.037556762453333066,0.03375618232737825,0.03286201515661771,0.03726103732680919,0.07677039470926116,0.08739853114048943,0.09224324516449071,0.0908863277504216,0.07205174988105759,0.055629136360951625,0.05017190796098071,0.06133314155818902,0.10806389062244054,0.12980057507053488,0.16519517795585187,0.19887135499756659,0.24154021059403313,0.29402339778407205,0.3612931210475284,0.45468601028150213,0.5251267393467632,0.4954926269353035,0.395052801188009,0.30909638409580326,0.30278864672561273,0.3378639093752957,0.3615962569718151,0.4613589643083118,0.45119620319458165,0.47177766139578536,0.520351163415923,0.5437992722179349,0.5543725760021165,0.549659096439064,0.5484029285581251,0.568765505127808,0.6163816223349418,0.640876344702324,0.6494597228082583,0.6567041670989029
0.0922457861287648,0.060712827506008996,0.04057046400952029,0.03479853984978126,0.028783477877651863,0.04286685557071086,0.0859048214913799,0.14547813217998576,0.20618434170490724,0.28824349786099446,0.3819646949023561,0.43678487716171377,0.41637101832255907,0.4062051823931833,0.3679919079294046,0.36753428299796614,0.33703589487493557,0.3146186729337145,0.28109097389308363,0.28559079587486,0.30007597681074466,0.3300525855407112,0.36745709122400905,0.4325420395579087,0.485381380306133,0.5057626961556194,0.4714765953274976,0.4391116375578028,0.3908523452799639,0.38075167503378854,0.4552926575570918,0.5650206978750081,0.5667797605907219,0.567917145013584,0.571246770508318,0.5967283585746779,0.6151225208530702,0.5605070250811858,0.4866805958255166,0.50525294981281,0.4826585400828213,0.37777021994106935,0.3658997690467631,0.3361924325590068,0.265806715918638,0.255138577727386,0.2439524954884127,0.21499647664547183
0.0864438185591461,0.05506526005621659,0.03504695095989111,0.023519764060875456,0.02360636032991363,0.01955868480718118,0.022876233423398885,0.051912318893973214,0.1163688527887065,0.2593970844410704,0.3323208058009734,0.3422551278150498,0.3925740663547116,0.35995727018140433,0.32933967172721856,0.33826076939190436,0.3629080548278766,0.36615660900565744,0.3723790404346128,0.25766572812894184,0.2088049270685763,0.20046254221643617,0.20610737755934472,0.21958919940405858,0.21471198509765843,0.2083167004686177,0.19530424458909051,0.20406273263506788,0.24994617929887689,0.36488259018984753,0.402463612330823,0.46510010035076,0.5286823108264826,0.46593172035430175,0.43601910118715415,0.4249019789418853,0.442212612508259,0.44142435976316896,0.43624282946552884,0.3817217864120408,0.34360666542206203,0.35173285669707743,0.3264911746798682,0.28812395807309027,0.2503513266619658,0.23392909001016088,0.19923994226198788,0.1630574459438006
0.1921939762365294,0.1604085559133579,0.13882670890389542,0.14211838516414477,0.1748792150317241,0.2089850018474293,0.2272189047360869,0.31088816118052587,0.421141063748008,0.46452321861889573,0.44926353147044634,0.4600518793862255,0.49710049003468876,0.47494571379056927,0.40467891056030314,0.31282531874380076,0.22499867519365158,0.1829836516760207,0.1327205378507539,0.09887688906469841,0.06053737651940212,0.08801214338737508,0.14204693234625013,0.14887596464892372,0.13179034622590283,0.12175075638749697,0.1459354556158202,0.17311576012754304,0.26673300050335014,0.3579953137719372,0.368753265069252,0.4505505607817646,0.49922806354967353,0.5381767493153636,0.5493179850480043,0.534944390750901,0.5146649645726292,0.4650055609149746,0.40668716860394827,0.33392386402922225,0.3005677021120766,0.2854231282102742,0.25650987321286345,0.22403302979181955,0.1609044805714763,0.20385123883345438,0.23069223726638993,0.1882402700082133
0.1345350342022555,0.09469888678534216,0.07873026335041095,0.09677924697362897,0.13314746220400497,0.17755691040308394,0.1893947750272705,0.2250163504973552,0.23461105211308417,0.2128600188454503,0.2216537531721791,0.23091924676122638,0.24855553323855295,0.25107615148405704,0.23169312626135974,0.23298209123232771,0.2059599206154505,0.1635516604779262,0.14354252669293144,0.10537096321054684,0.07216394758709294,0.19239134322293722,0.3408087364115544,0.4478872732595829,0.4820751790404513,0.5121008112860951,0.5606187414352769,0.55930239959438,0.5815550673865544,0.556063125785559,0.4775113378055512,0.4198086250789915,0.4283699783387807,0.3518121738707946,0.2802665044560586,0.3319360558549844,0.3570722466847488,0.3387849518762503,0.33837502148765647,0.31262498961305846,0.30128313142354757,0.3095447874999242,0.3209168848268493,0.337016869060695,0.4357668604084937,0.5194036498591965,0.5525591374230965,0.5666193844932776
0.1203787429587903,0.15382321945370359,0.1673773685752102,0.18910049225131564,0.22164712982255527,0.29310401528199914,0.3036034998744752,0.4001467304788212,0.44091898264438134,0.4004887213937608,0.4391212330024604,0.4580578211704544,0.435214298943595,0.379345170774353,0.33004639968689,0.3128906068615574,0.2783385099913863,0.2677805041468136,0.3052253564664565,0.2804717090810834,0.24722747816669757,0.24388544205760684,0.25428466352321516,0.2636653997137235,0.2963959580788589,0.29154720747476814,0.304021743378901,0.3166816827205551,0.3090896474369563,0.29388050665588816,0.3296784843327445,0.42163125691777803,0.48925099439968417,0.5089029791169701,0.5280635562548638,0.5081355291408189,0.48646987712674683,0.37598027621109453,0.41464931356451984,0.3649817468258894,0.38514230191247295,0.41345131809104796,0.3582806145480991,0.43267499561112865,0.459100758913516,0.47596109145765664,0.4974867226298867,0.48185445040150926
0.1311600008216758,0.18193661269363134,0.24928621195077813,0.30024586379121065,0.3471098767423861,0.3916648011785897,0.45684635912323696,0.4297334877615543,0.40730720903919027,0.3472698216304635,0.33264069255669115,0.33770739701213975,0.2936848978098697,0.285726264851906,0.2886560226231697,0.29485701788849306,0.30292436599498884,0.3032015352343636,0.2757627332270397,0.31185384540183436,0.4331025051076515,0.49121850003481493,0.5685840647121729,0.635059558709225,0.648957186273301,0.6556701225186383,0.6573398631344913,0.6318683515540995,0.5738032811282512,0.5030832642254613,0.5066658399229486,0.522082302782607,0.5402607090354571,0.5616944934853395,0.556497960652842,0.49997396857435683,0.38634159805202795,0.36249829557459606,0.3357412463892797,0.35706757833368197,0.40102812962389683,0.4341016964977005,0.5025145838343478,0.490770150582213,0.4743580297494385,0.5011053833807099,0.5269473563060769,0.565555731647667
0.2132967684553809,0.15612060965060298,0.1196737775392415,0.09874169190968615,0.10718965998352295,0.14526803869260022,0.2092289516619923,0.3445232305645601,0.4486989758852439,0.3989309880429326,0.3573079581854993,0.3325995148698718,0.22118494571874864,0.2226488965007578,0.28184502986429166,0.18133498343126142,0.17026932600212014,0.14565138233830321,0.1465978484051078,0.12242162418512995,0.09094550355083783,0.082703239707352,0.0903782735577009,0.10714675182504345,0.1092473385325613,0.13124317601176408,0.14150608012338903,0.1460926577166605,0.17194299189035028,0.21213016566930032,0.2424320777373703,0.2595607480431923,0.26144022684840185,0.21608825155735312,0.1733784472156035,0.15529948672976243,0.14758357339849545,0.14280555049525562,0.1220981581005812,0.10972323526391345,0.09602797504385041,0.07614954942159177,0.04740556828787819,0.021049327822664082,0.015453631225471203,0.014948723262266247,0.010585915029135244,0.006511556377783346
0.1108296871469361,0.14032793696027518,0.12391740654270232,0.1771466215024345,0.12456837651002844,0.08752941399060199,0.08053275271398261,0.049952126822348085,0.04065856134597929,0.028650375343486554,0.02999726525683359,0.0355972786132257,0.03201863594055553,0.04008067009675936,0.0330314184266975,0.043050875546871786,0.057778735631779106,0.06908174692254077,0.06001881603787435,0.05188455701635701,0.04410656978315444,0.05548610526797884,0.06100939216789331,0.06480094335468423,0.07026974689957025,0.10240415156643323,0.12036607339009736,0.13645005182162884,0.15151106210298138,0.12651181373441872,0.09365146410277404,0.0653567339055704,0.04637235823257317,0.04632704523180735,0.05473727440799221,0.050146065262099665,0.036516604902582836,0.026559897843118227,0.02543345688922885,0.03212157618557773,0.038427689574716574,0.03833604752573966,0.036885459327861116,0.022778110964050552,0.017182684325623823,0.013391644587879644,0.01233705267289539,0.014465519719198523
0.1093050566454821,0.12019719613754193,0.15248719832159327,0.18561824308457453,0.29246932542867854,0.30721461575166664,0.23393168810113707,0.17599513165600542,0.15277976829432288,0.1440497224728663,0.1530618457509675,0.14765074187248667,0.13242864758828848,0.10866844863762573,0.10109900320922374,0.1097469355784064,0.10012424877973235,0.09026524243294867,0.08100583765803693,0.05616004151980037,0.03841075548497462,0.024483680752632454,0.010397532896217228,0.008569005139209045,0.002883823524302302,0.001939578139906343,0.0019130711741876722,0.0026353713690634526,0.005960884434307522,0.019812991391425634,0.06198044736669149,0.08641660213514435,0.1247337761861891,0.1725779692671099,0.2245594037218047,0.26323098956384944,0.2939610814535354,0.36011935373795523,0.37983982644135733,0.33697292220265973,0.349331572174874,0.432129902330892,0.4403768261600537,0.41170854476092567,0.4230076558094039,0.44794055789758475,0.5844583113732109,0.6624727256366655
0.2901029148949282,0.32730864289519057,0.42068393009055416,0.5616019550911299,0.5779378583445409,0.5298302906996022,0.42980676647524474,0.3238737746698103,0.16587018118292937,0.12631839821545163,0.13370445612840054,0.15042710675673207,0.1794422481862767,0.21456258836948613,0.29403395352148376,0.41602757775146115,0.414074137799878,0.39989671660338555,0.45602050362178037,0.5013256367435222,0.5538747498920769,0.5372113922021589,0.5188084157375737,0.5029819588604293,0.4760977639547397,0.47996895429744885,0.5159693399378638,0.5312219662365006,0.5114914222181175,0.4755391994574682,0.4743630402164685,0.4325912260971075,0.32672101529012315,0.2597222541072833,0.23492856614296342,0.20765846105264948,0.18620592406040276,0.12812510222928203,0.10219965770546979,0.08261967215775681,0.0651000529002454,0.047224554742184,0.04465860777353871,0.03763928616647282,0.05507561805929025,0.09347602084707748,0.13298611539388072,0.18223909867503144
0.0802773546585427,0.04759153294034681,0.04608646735304582,0.06831013478775946,0.08696792366244045,0.08619765409293159,0.10259912148437897,0.1456386955087718,0.18583148284404993,0.2098741087092339,0.22625464678546586,0.2270876973266916,0.23813695064637308,0.25545591572805737,0.2108007395341156,0.2064867463192954,0.22828960570133822,0.19322219837003385,0.14015528329183014,0.0915790832888322,0.0471873687837452,0.03261333075493557,0.021620107179969678,0.012766685704136988,0.011849328910917334,0.01613586207439607,0.035524279273704565,0.07478976246239531,0.16209212424240665,0.20639651070920173,0.1438737621083477,0.1916363842065706,0.3229079240503566,0.30697486626273107,0.2935448574607945,0.2972374067264362,0.2759387125231507,0.25622398322172474,0.2439490090216616,0.2246007687748777,0.20544823513899665,0.1740361787209329,0.12289191515778972,0.07723924475241688,0.04417054813758017,0.028361871246771312,0.020069459133133072,0.0165845798377465
0.1787884390213841,0.280831392951976,0.3581655765847576,0.47554749608063773,0.5418192512949924,0.5299643385796401,0.4524823270640934,0.4056960008829116,0.38094755378345824,0.3627325725301625,0.27617015123281435,0.2257046796176916,0.25207342923385895,0.2715728724853331,0.2947923996441093,0.2901708722839745,0.2639464870423071,0.23805583054450036,0.2039144289845598,0.16152373374639184,0.12316472519355129,0.23845859262041466,0.278751545435612,0.2810285030796757,0.34856562842298455,0.46617140133340607,0.5734095375097159,0.6063921527725629,0.626815785471736,0.5795655108832618,0.5451339359106966,0.5153552936571717,0.5042883103582676,0.4639821346850713,0.45396196859018356,0.4336173262704966,0.4022002951829811,0.39663901993899275,0.4028748392871899,0.3629540282268616,0.3308043300267301,0.3018124740510455,0.26102268790004207,0.24146264639108295,0.2907882410334854,0.4599605909856762,0.5413764383878561,0.6141837402960448
0.1903115501519757,0.20623954520408463,0.20610296736094003,0.2118279424445945,0.21109603230331997,0.23792755931905427,0.3555972989497417,0.47983733588117733,0.5461965471564106,0.6203462968651742,0.6485953136995926,0.635006126193915,0.5852226444019426,0.5483046881606884,0.5200575868890307,0.49402237995579856,0.4551831059126452,0.4017506215060673,0.36315509228926657,0.3024527059966488,0.20110536148392688,0.19597965723237726,0.2157927166912325,0.2457568203487413,0.3104403299014727,0.33983229134862153,0.38250603217858065,0.45509916661394284,0.5287280989892137,0.5214860689531058,0.5166772863293426,0.5452671551679036,0.5527300283084213,0.5562053404698866,0.5340958173109964,0.46809473667938173,0.3841793861841556,0.3357283737182558,0.33057879307860594,0.3205544015497987,0.34632023773389975,0.3572012677870462,0.3290073047159169,0.3117290300698715,0.3061071243155017,0.3039338545809924,0.33967650565307517,0.3851525063127858
0.1398964688482159,0.21419988427043476,0.3173858460136014,0.4029118576106554,0.4577728056669357,0.48181734564117784,0.44378143483460003,0.36018228719909023,0.3071123307333914,0.27967174308594256,0.23456442338821318,0.20051480046725248,0.20022374520395353,0.17513571841614728,0.13840661312689567,0.09915516002539185,0.08157549213043862,0.05744430384621292,0.04742317128207355,0.04321944819900177,0.07618779025372399,0.1229497125696847,0.14724406946301544,0.19603339343461015,0.26723438460558835,0.3601938390620487,0.433670042712368,0.49979419876729037,0.5389414413924094,0.544507174352735,0.49782910636171696,0.43545712435686534,0.3960676966181442,0.33845832541008203,0.2888031477014958,0.27120633914980385,0.25480775680315687,0.24000721044090143,0.2274603175523985,0.20185581071087982,0.19682777726972572,0.1754408254993736,0.15778154263935423,0.12997311937729694,0.22024930883083038,0.24605259676224617,0.2161744590138016,0.19886004824612616
0.2283478153694459,0.25567237240609453,0.29649932321983585,0.3500672196100182,0.38020675517712277,0.36830546330321334,0.3275057856335183,0.2481667797699779,0.18358238299352161,0.1471098610783136,0.13932829664971896,0.12022418460116768,0.07879088816821198,0.05500679521677976,0.040532809384422996,0.030085455246853264,0.018249125314268227,0.014422845723226657,0.013751257500563463,0.013715067740090226,0.014366483428608303,0.015878922751943265,0.020400572188210363,0.03488492431786526,0.07423926479403492,0.12197801913993123,0.1676666361885202,0.19415812552754963,0.20104113892804718,0.2185388698823123,0.21019666363161876,0.19513423374417835,0.17430503858046376,0.16022877494213805,0.1489107570399073,0.1516759344416751,0.12806251232147575,0.11688137173546798,0.08209606882571424,0.059363194266863775,0.03735129813184345,0.023177169435658156,0.017699541472589814,0.015507465214740666,0.014935041681702224,0.014247104897881994,0.014607677163298747,0.015133374356668432
0.0924621998221168,0.13588298523051096,0.1198401184556444,0.11646137991840898,0.15604788471058678,0.21634429469883798,0.24675773924899802,0.29745616373342965,0.3821759722000292,0.4031154580468546,0.3509834953671873,0.40926678532430505,0.366879770318681,0.31470010456375797,0.3144144187773435,0.33690244965525257,0.31171993334277776,0.29586764080411965,0.27237440243891764,0.20664434924865613,0.23678425002944475,0.2651127150872184,0.3681240447713898,0.39020450024514836,0.43323715405219587,0.42725130440517634,0.39906447401028544,0.3611165307301308,0.3456576181496164,0.3754766063593915,0.4560368888237086,0.5287288209694259,0.4864197557464769,0.461174791905714,0.46946058623406745,0.45439033350769487,0.44240315137355735,0.36256334523673067,0.43067301840287403,0.46834395307924526,0.5678542583599447,0.5588389011713413,0.5353371118556283,0.5230391415999104,0.4844317379475172,0.48498739512377265,0.4837239556436426,0.49711446364092515
0.1195271255726053,0.11659088925969084,0.10463908959232636,0.09099110586948983,0.07786482934220193,0.06429571545704207,0.05398308898132552,0.05921433940293461,0.06496173255574732,0.06588171019875079,0.05267533794278782,0.05262873171665357,0.06413592055206209,0.09054887988053818,0.1041593417903198,0.08158410334218028,0.07122366608224022,0.09423920324078236,0.12057028602449082,0.09660711175813341,0.0793731797777979,0.07586692320982819,0.11537006704162986,0.23569251872618144,0.362946050385507,0.3864733371608142,0.40780483768098696,0.42795970232205294,0.36303148499687654,0.38590342911756503,0.38569356395982557,0.3782549791034728,0.3658319514069617,0.3506119947655867,0.3502524986977614,0.36177964982972577,0.48276921164413933,0.4131823222450254,0.33890441405230914,0.4286135465380826,0.5008739048532306,0.536799004243518,0.6102108649430154,0.6169033535182795,0.6169798459331726,0.6013419173835179,0.6373040111471566,0.6559107103655517
0.0931862533637353,0.11513081196356142,0.1604967697452408,0.20034961579181446,0.15470434224178592,0.13070625514083925,0.10175847218402034,0.06788090072236028,0.06679428499167536,0.0691961677238885,0.0651068553099161,0.07346409071620999,0.07078118739843713,0.056401836547750536,0.05407948989595626,0.06084446262972652,0.04504296954396436,0.0389713217400839,0.04206620365753563,0.049608499751992816,0.04001075335746025,0.045114597848090306,0.045542175550428575,0.0668846615279574,0.11412661182510458,0.13637570831910723,0.11050081462911715,0.11073163701243768,0.12473676890929195,0.1292422963144787,0.1254887838273912,0.09583612671000863,0.10274160738107496,0.0711069339121234,0.07334099960871798,0.07594181889875923,0.07251232945769695,0.06914713281449054,0.07948113616704416,0.06796898791687639,0.06951081189341413,0.06263869518921408,0.05850832537334884,0.052560408055643285,0.05798876644269726,0.06303852337983808,0.07196809223413751,0.07092972053558269
0.1478769951315708,0.27064914243723814,0.3756538342105149,0.4217232063122788,0.5090153603076734,0.49147421737481195,0.42179973487044414,0.34552287295278555,0.26604581142616035,0.2373880039750331,0.2137031194293485,0.1927934729624413,0.15770103849147477,0.13203758739543037,0.09491845273205049,0.06939067577542807,0.03952432483497546,0.03678600291210948,0.03433463100831098,0.024226602400152356,0.03894748914440913,0.03803571437440917,0.028956018106447778,0.04540223316964334,0.11051991340339017,0.2108180686921488,0.2860360102792927,0.3486613807395282,0.4341081807050914,0.41861986845888033,0.33590995719739264,0.24550412033966573,0.19404506938248994,0.16616032765729216,0.14532928510505136,0.1330978219176256,0.10910415661459114,0.0867721556659522,0.04304208139018739,0.020714013394183314,0.012681561259216571,0.011926708243821062,0.01169411844835389,0.011652758722098776,0.011632078858971218,0.012319118314262233,0.017391804148109292,0.04867355066008718
0.1179248577473757,0.20957449206517764,0.2892143241053694,0.35441349326364635,0.363828080853325,0.3726473195904575,0.3199925734607455,0.2764305860563121,0.23457015723565988,0.21857489333419383,0.16213625787821362,0.12128485482578386,0.10698560922285091,0.10251528350690042,0.09788082686748364,0.07129430661399053,0.036535346800084,0.021560921902015917,0.015105927397510072,0.013537974330518307,0.012938865600475854,0.014880982252302402,0.0167484239885752,0.029290992559587864,0.06807203041112908,0.12192157049849399,0.171637606711575,0.1934226323110325,0.20457322154091395,0.21012331493455827,0.18233018223307793,0.18006776499917884,0.18073681591874624,0.13709575887377964,0.11804440486407795,0.12089399816209552,0.08958861284354724,0.055210530099860614,0.033334164409091795,0.02072229830226692,0.016181200082769364,0.015731685729855987,0.016236658457424984,0.019461921506824527,0.014981878759373181,0.025681164912532826,0.035854773646623275,0.06315859050876674
0.083797319701575,0.10544917696692047,0.12998273886019496,0.1672609812770333,0.19323852727331492,0.21019923006437308,0.21896295425174567,0.24039131525320218,0.30911606032307576,0.4025906784800617,0.4289775838788437,0.4570435575985285,0.46305301380754976,0.4595469761117823,0.45622231012524195,0.4063746322697886,0.35733639698167163,0.3042028833050867,0.22786074293030617,0.14712047268304745,0.14801131646051166,0.1394613224391844,0.11096391692574624,0.09912508069933879,0.10547090172716289,0.11165648561270809,0.11174976884504487,0.11103807624781517,0.1087473800866499,0.11723622521436025,0.13524178692792427,0.19150799121864237,0.30570479812543305,0.416627263684642,0.5012456575086165,0.5268996651659101,0.5605240919634987,0.5734570169418881,0.5876050971801048,0.5545591832160317,0.49827014417247306,0.45954523100547395,0.34194625401935497,0.19339539012797308,0.1469210948276161,0.10482456352940749,0.06254190259253055,0.029903649898861438
0.0901481070643577,0.13541937450930036,0.17885297647405463,0.19418593283902036,0.16790771279597647,0.1883695448938852,0.2022837454942793,0.18794227419097498,0.1558281292964665,0.13575438302137627,0.10419580164772702,0.06498385780414356,0.044144297880513064,0.036687765212464266,0.03657611065019394,0.042345226690076475,0.04190739914069843,0.0362360415955677,0.03763731720703069,0.027305585299889405,0.0666882331526788,0.08745210591935022,0.09944486741432451,0.11565795129573117,0.14143347331932618,0.18402892950158148,0.25668752182575205,0.2895481725908424,0.32276849433892,0.37571671713827864,0.39602878829102317,0.3346115948890457,0.25386713455404947,0.23084023791100583,0.22072296005172762,0.17749864509405877,0.11585222951373234,0.09351111224281551,0.06548068250639538,0.04191834944764146,0.03358384233703074,0.029337439637712036,0.023924428336717197,0.021506946623890157,0.03355720174269981,0.05272406812400555,0.10248296957170532,0.17479940969368007
0.1293892894558451,0.16226423510008742,0.21917523377442288,0.2142853391325738,0.2148576806253642,0.2349614254842462,0.2397976106869827,0.21506920335592128,0.16562821855520382,0.12375069690815577,0.1430917749712222,0.1745664581822476,0.15011547105271067,0.16904191029459842,0.18602471303069734,0.20121993757103762,0.19168601747534564,0.19605527128006855,0.1919727311906443,0.22871627690985588,0.25908584749111074,0.28059704363992277,0.28258267734833,0.3034404642398465,0.3115674687842495,0.34033066506995424,0.38300617240526735,0.39468438421332164,0.44358926758258865,0.4461590726105127,0.4938080807326068,0.5280128336656252,0.5188610854530503,0.5028846998861544,0.5211342144240262,0.5356536967425298,0.574575029253231,0.5821151729208657,0.5536598508141246,0.5222957127644752,0.5147334016493864,0.5415281290742748,0.5433772513953872,0.4984250363222309,0.531144818014556,0.5569711191872656,0.5653142102577223,0.5745118149286896
0.2048770378557612,0.14228444986428077,0.12228558760424717,0.1381620479259616,0.18793977846973078,0.24313528112676036,0.33309535066264906,0.27654557856630335,0.2200043816991874,0.18883227016003423,0.15007241467918747,0.12792064704618686,0.1400276315713262,0.16865062750552196,0.18330013331937556,0.19588280662427549,0.1708354432991504,0.1633212263995777,0.16219524044642594,0.14643014845464475,0.13494021808955836,0.11950758682878593,0.09802874586594106,0.0939185231612367,0.08769072709736278,0.08226315435594495,0.06265422861017653,0.050604209279563606,0.055182311885317234,0.07162437335830217,0.10991296090856514,0.14316227066988338,0.1803002495563394,0.2259391917490684,0.2577172768453145,0.291008362892859,0.3127119884798762,0.3683882909446869,0.3902759249560339,0.4489066593268572,0.5105117845003595,0.5359028448098067,0.5809571355440245,0.589255047027742,0.6052455213268874,0.626303147706761,0.6235578394944596,0.6288602810990505
0.0992851420472052,0.10599824582798517,0.10271600892994102,0.10885620064827313,0.10963926300000301,0.10541379609105356,0.09724225740424078,0.0917784066199514,0.07385075113986973,0.057976661676975745,0.04529538759317672,0.032483210994077215,0.036655479140089195,0.08011525294134078,0.1306855005180485,0.22538038824519177,0.2861765090720133,0.32275967958283863,0.37487325618767076,0.4093023417510399,0.381082806973563,0.398790346854368,0.3157120955390142,0.21863861285096103,0.16049741682241253,0.1746021211588767,0.19286228042928025,0.18293428112433174,0.17654727283631533,0.15106139836444843,0.1703719863025456,0.22850056791496084,0.28907446192592917,0.32577651499147575,0.36448317271369357,0.3871644990655191,0.3773447605771228,0.3985919356578729,0.42673775675279957,0.464399029429984,0.48851597099103783,0.5587554873625081,0.5038054412731348,0.43678357624801045,0.39889615844797377,0.4434709258631052,0.5203955753410574,0.5597264107921717
0.1142788319003854,0.07722422688094266,0.07867843414150419,0.08368925022387738,0.08424712421026954,0.08390810586462416,0.0967308464884911,0.14369540227280692,0.2312260495629903,0.29037374739617583,0.3028827638501462,0.3080373236413363,0.2840260735723159,0.2750956929265149,0.27661109170432363,0.27928220068241477,0.25198677413434517,0.22207950665045095,0.25862387943716025,0.28830005576143447,0.224940601750297,0.14029754600323838,0.09977302816021147,0.052998745353124974,0.037655244653240744,0.0320645314709388,0.052749617447106815,0.08207556146250705,0.09373409987602342,0.0882348002587435,0.11657920044880322,0.19040431152723236,0.29840002270087224,0.392196426573913,0.4454404505867503,0.47299066745727575,0.5052631555556283,0.507341345454402,0.5402536153496122,0.5649760016226049,0.5555561708325767,0.5245278507360424,0.49322773926015107,0.38406386550608923,0.34370140825881557,0.30430060448626084,0.26887499560295713,0.22198070816988882
0.2639161069000226,0.28512589617037515,0.34406128300849015,0.4419244022230057,0.5061401183301029,0.4878871824551443,0.45051550457723866,0.4311181776168897,0.4566165646174978,0.528955822904909,0.5775089246559144,0.5960441041639557,0.6504540579894909,0.6494619192731859,0.6270761796700757,0.6057187510948091,0.5772283547695638,0.50108689574123,0.48916814915504647,0.4285572176338005,0.3716107883423809,0.3307786969489419,0.3034716340009654,0.1876377497346206,0.11530242028921471,0.12893541314802417,0.16774848341627374,0.18126695426390937,0.18807710782193343,0.14948264320341256,0.10396384706293407,0.08855654365860144,0.07751821973250914,0.07972136647179377,0.07872336892167422,0.0724103574274976,0.09536903582654972,0.11393829489501611,0.14321142333905595,0.23866034467410474,0.3216346579548369,0.36793035915946004,0.4541921107055703,0.5373269206077697,0.44910375098987254,0.36526854509039514,0.4553807766192648,0.44669794192707823
0.1377176015473888,0.18141714541905193,0.23523619983467062,0.25743629289376047,0.22296719714927393,0.16658350112033873,0.16406768860007923,0.23018164491237997,0.31256219388263207,0.33957303904182334,0.37735354181673836,0.4167174592523168,0.43607383775016106,0.4089846377948505,0.3985673302620025,0.38481744251492483,0.3600778970836734,0.32177969626094005,0.22014907312132825,0.1489406241391,0.09975439347903141,0.07947139450173879,0.07821592516362223,0.0951716179577383,0.12198483961508277,0.18667851106546118,0.28318597791926853,0.3537560135736192,0.4244226343543872,0.47012562567257765,0.49543599026264057,0.5382325184106361,0.513540261197655,0.46681322058151414,0.424380358665855,0.5079325840492628,0.6039665171263058,0.5597373405199596,0.5684230346240844,0.5770256851694604,0.5523706843681916,0.5228930169202707,0.5127077826420714,0.4894066435673762,0.4429012288576961,0.35229000809558003,0.2435449729405344,0.2452788818938746
0.2751669028984614,0.40915518132807144,0.466066189866724,0.5121306268122248,0.5243880245514848,0.5018516878745288,0.47145115145326244,0.45949413082116364,0.4467722019514401,0.419376563697636,0.3815348984976414,0.3570960655682209,0.3034249250780551,0.29178885345417016,0.28283131906809045,0.2944107296875627,0.30922829175344657,0.3789326665886487,0.41967792220379674,0.4192630265781156,0.44681164628467485,0.4882478627388318,0.5544750716670488,0.5478396554712168,0.5704225825364422,0.5706381512216208,0.5737707383088192,0.5671223463588487,0.5734164397935742,0.5595440616631486,0.5205636749939876,0.527100960067284,0.5265920721460958,0.4861372598123857,0.4541980686463385,0.44540143940494575,0.41756318923512925,0.37736942718565947,0.3597190408122401,0.35511157971096524,0.3665891396230591,0.35833759241227126,0.3744629482468048,0.36898933580884385,0.3515650113161936,0.29324030781786264,0.2968427755829312,0.311520626631682
0.085589616653973,0.05079802246492867,0.04300556986023407,0.12627386210932348,0.13553327662825707,0.12418577191331806,0.11744898910649396,0.11832058337797914,0.1034697106761825,0.08419012279410121,0.10555554704991221,0.12246027974457838,0.12213774293339244,0.11012017491527584,0.11986557854276443,0.15313993850485605,0.1144331569717427,0.10761308898390698,0.10533972840621028,0.0715233301225465,0.059252963400464646,0.06677399896845265,0.07870733944868617,0.10139737271127265,0.1228727788558777,0.14336893386525867,0.1504706396988993,0.16889366365804886,0.18763476251511862,0.20159988070877455,0.20807690832504377,0.18029526880470956,0.18276028328320126,0.2216455395093656,0.23462880372900327,0.20316204946973698,0.19876075574249336,0.1660186328846432,0.14750083056070523,0.1279743969017145,0.09122524024848974,0.07549193395270065,0.06686289105523742,0.04793305391050588,0.04253853307888655,0.03754330660863563,0.03421910550758698,0.034567229479669254
0.1034988947222989,0.12943826056659632,0.1667506489224931,0.21155709381660548,0.24122559968822246,0.3195448418258125,0.42790682944187475,0.5044525024579178,0.562712464650434,0.5431879279637774,0.5997516776208331,0.6014630879708642,0.5951762017467662,0.537066786298731,0.4894209452717223,0.4763022611219428,0.4892673333174381,0.5035109387168099,0.36229524969901417,0.42118590480969753,0.6214977294408056,0.5658845890573256,0.5659228753205892,0.5894584044589253,0.530837100298978,0.46751114681660877,0.4809102138463831,0.5040103006365189,0.3964290832167142,0.3814196169826424,0.330584837852433,0.37132116282405103,0.48623343536486263,0.5314296578464079,0.4461258385918663,0.5902015183378309,0.6286690718501545,0.5414166107873424,0.3814169705392426,0.22279497318200103,0.1484177056956286,0.1428485890362567,0.09199618066630655,0.10366085279333394,0.11513642741744448,0.08635426436325452,0.06577052091560415,0.05059278767549051
0.1092599644579842,0.08344882040225025,0.073179059911843,0.07169589334859869,0.08128868078411078,0.09887020728667037,0.12667220264955448,0.23661486317131847,0.3779109098630578,0.4941619168910656,0.5767062695363544,0.5956562423435717,0.5869715139694006,0.5933491439107401,0.5799557531512762,0.5624877112892658,0.5395330044924178,0.5094978312157803,0.3796646655682273,0.2593849919247651,0.19339516658475567,0.15237549287287186,0.14165269729082997,0.11369772566196476,0.07814758727672572,0.049819280240971195,0.047827689328420485,0.07037489208557111,0.08751181956115167,0.08620779865643599,0.10618057942052962,0.15689601885489407,0.20871117332743977,0.23808154060519782,0.25509351470320735,0.2521774137515714,0.26032600775966164,0.2770924663058291,0.23304899377619204,0.22989921076117892,0.24867315038609644,0.2096592678012087,0.15709552831783685,0.1063389007372341,0.057270613056650765,0.03933220487416129,0.027549686248478738,0.018054962543938735
0.1796997969027672,0.1786048055727379,0.18700199201219975,0.225989500007785,0.2656935364873153,0.3540839913785785,0.46698634588669485,0.5487695293740624,0.584918725731983,0.593664993843657,0.6018453110924655,0.5512696881358629,0.4521932219570707,0.3865412332948664,0.43262156908689736,0.4226205673033143,0.41371050034728296,0.4630525664853351,0.40892526731833145,0.39029113251760195,0.42242629497609535,0.46406883700177565,0.5303809631463559,0.5342603286380779,0.5114816806372838,0.46021204861257137,0.43109931179740235,0.3694478116619286,0.30584874172495086,0.277897812993206,0.3077316255968433,0.32405689924840286,0.32127507287222656,0.3320689502617263,0.3246505741980891,0.3259173868666969,0.28414214214322425,0.2315190559988265,0.18763728862166834,0.1751208613221397,0.16200799490510773,0.14656469551402157,0.12241813942412128,0.10865347114167653,0.07802947231614904,0.06397725040021407,0.04478733345394779,0.031222152989297848
0.2059857695495993,0.22476987512278548,0.27364237174363454,0.3171477336006178,0.32624322960332786,0.32090977781423996,0.42640036211385063,0.5173920316086463,0.5545686202493174,0.5883472084982393,0.5760957653952805,0.5326148222254894,0.4910107611051122,0.4787484757998277,0.4386351766932747,0.3832859262148267,0.3566068076189574,0.3526957397818975,0.349338959163867,0.3785137412342108,0.37823694554878057,0.39318641506091634,0.41676195047018644,0.42871459913795984,0.40528241013704003,0.3511680539823162,0.3179716300495949,0.28154469630202006,0.2415276205244567,0.2584594871963119,0.3233934835325502,0.3636366158791695,0.4142048647443646,0.4535201425987746,0.4607981287138738,0.4333303095343496,0.3974010699347048,0.38187534961646863,0.3984280832797482,0.40908709991626097,0.37701643811072594,0.3685941839357359,0.3945250613824978,0.3757122493134911,0.3427109496230719,0.2984376790385392,0.23315984264620682,0.21558381994922599
0.0958197450340942,0.09284629727863265,0.0719614390612533,0.05904818302280031,0.06594197916864113,0.08336571076615852,0.08167751349076553,0.0685118876272474,0.07186389874598553,0.10052279807489402,0.1437884821921843,0.18916429668552576,0.17790276141476602,0.1783586385765541,0.10768647124907157,0.08490152014210989,0.06324125379288029,0.05873527549288629,0.04313149162105416,0.027326238833940877,0.0193880889265724,0.02903888577062929,0.029515130963225562,0.018696367620222386,0.02173110582693869,0.02354943982483436,0.020820159356975204,0.037318385002646726,0.051262859405612524,0.05258737347681951,0.05410998799598703,0.04446340892150763,0.0571940412227764,0.09764403824650333,0.09653605127954734,0.07774903173823637,0.08231970632051659,0.09421210492889956,0.10882900563219708,0.10544835187001016,0.0955000947344164,0.0996039299836328,0.08703384640184365,0.05003654139607001,0.028621687517705552,0.027906670425000522,0.023146484440212643,0.02010140927505792
0.1168951510535669,0.12401598847934116,0.15457000735998366,0.20307996809954063,0.28470995599167254,0.3387733741394358,0.29632253277321935,0.2873619398986963,0.24962777639147204,0.250213473899637,0.2701250745116525,0.2755055702385898,0.23055439660380356,0.22185447060212177,0.20155747093950233,0.1836616575196285,0.16030928725844293,0.12497132603095373,0.10561180901203195,0.06197912601583377,0.03497176880593595,0.020754286724377524,0.016988676483427223,0.03322379501260697,0.05668600161761071,0.10018367817702584,0.16042917078075253,0.21814170695695667,0.27625195970078187,0.32041486325915514,0.36761992873402816,0.36944971413289424,0.42506440559174263,0.37265191087609445,0.2902107980007862,0.2521098692797366,0.20321787055658108,0.2146143901189126,0.2038501939421395,0.17220859078377154,0.13747675780382906,0.11566062682344899,0.09487271200598082,0.0589680066543289,0.04483203328767521,0.05966537405330628,0.06454062648838911,0.07078548879649227
0.1192466362020817,0.14989638893204546,0.17198272419837662,0.14705930467896705,0.1369813500930947,0.13452024231646037,0.1278722547531475,0.1479850092523603,0.13255641591377745,0.1336500382093646,0.1417118491095129,0.13405067433381515,0.10346165670233126,0.07073533548163996,0.058428285817001796,0.06457751596335877,0.06851827218404156,0.0649079712884428,0.07079536479761378,0.062126973202528565,0.050046761268192505,0.07566447719971747,0.1071209049127424,0.14440130710247007,0.17811759554657466,0.277227642148326,0.2941843439759252,0.21514178175462456,0.21072325019344873,0.18749394855174922,0.18160704097810038,0.179443386908694,0.17594204493099438,0.1805980751882012,0.1987077340724306,0.16275290098334183,0.15757111799342577,0.13450836509500008,0.14212539484080877,0.1435970956696927,0.15484941342989444,0.16003850706243197,0.19140057744610658,0.20318950764334384,0.19751303218859448,0.2130587097678279,0.22019279402739567,0.2380039176028146
0.1001667654906611,0.083106594122773,0.09367058073912128,0.10955117632612249,0.1171373171137497,0.10324678454141316,0.07709060513753492,0.07054725830378167,0.05996288891484644,0.05893121908288108,0.06064964868311927,0.061668375600755096,0.06444000671084835,0.06702070493246634,0.07249224523698357,0.07390113117903416,0.0802458040406749,0.08955119775068598,0.0905535312711415,0.07362436086502147,0.0474010648062347,0.030079092966279718,0.03544378093426656,0.04032699005770093,0.036006350952638315,0.03697691093928877,0.029331533707632543,0.03484319942816695,0.0315463363925737,0.025970151423757467,0.021217548689044064,0.021430613582030866,0.018947396945523994,0.02056025079391914,0.015864163886520132,0.016944856906725765,0.024415381294834,0.0190050795415738,0.020084605793043952,0.023399207522910196,0.02744362981715062,0.035965805365728645,0.03310480738941445,0.019727297808402423,0.013194390117580527,0.015378783612339448,0.016511525946628577,0.010847814275182863
0.0909738912512068,0.11880705553823548,0.1418817115389074,0.1782542482792467,0.22058021691203739,0.2406204922418565,0.23094453382677735,0.21937483146520376,0.20183986445756896,0.18465211888814262,0.17840077031930468,0.1739798839567448,0.16589529631602123,0.1783754743892763,0.18843560729664685,0.18508363329129868,0.18413620010097836,0.21711700006896403,0.23285962989322712,0.260070594272379,0.2658659659956212,0.2542367379326511,0.2821405522147192,0.33639600295760447,0.38462431325842017,0.4049424880642361,0.38532288043951124,0.3670219156922829,0.346249696970082,0.3136790093514543,0.26767459699269885,0.20140492038616842,0.1572055604870335,0.12440681637551372,0.11415475660868835,0.09801012372023836,0.0752945487517455,0.08002171897665789,0.08184139421527031,0.08764723020673232,0.11524957973078037,0.1304523601173686,0.2057013411625599,0.26495259553290723,0.3409917929376638,0.41848303369364465,0.5524988379460287,0.6150725357677311
0.1160542015740035,0.12126294775501781,0.18321316421491587,0.2771784262879912,0.287929840895243,0.3655465573341029,0.4269174210382433,0.37143900678255737,0.46323068711112747,0.5013304412775975,0.5350153920341314,0.5485762994752437,0.5418234278297792,0.5191027631285607,0.4688352781027276,0.4098291931680042,0.3875290484367596,0.3682264779109344,0.3270120733914589,0.27956873998501586,0.28953550820034746,0.26446581921341705,0.19654852625806113,0.1576058198903972,0.1678314402620709,0.2028135458747777,0.24764969332327957,0.2834012534200551,0.3419709990701382,0.4084482751707891,0.43862890340144506,0.4602967464276386,0.5733550431990031,0.653652775297713,0.6906472193252192,0.6606942865187312,0.6270096308586162,0.6390259929474178,0.6291758090861187,0.5901925716851085,0.5457558209076344,0.5230837789147326,0.4548423221479475,0.3421236386574388,0.3308762825621183,0.30347592055605327,0.2808097707572351,0.26130151134209956
0.2083862945565073,0.21685140876427966,0.23219761962080465,0.2452400721996878,0.22663414428694278,0.21612497150418541,0.22372511156475022,0.2469024352082922,0.29592740633405823,0.39851965014899676,0.38462447613135775,0.36503102856133984,0.33403951682293914,0.29394816215881714,0.2951471320752538,0.3357077639043389,0.3908465592104088,0.45547317597146275,0.4942481932123204,0.5375594480090692,0.5464488618666674,0.469678310324676,0.4140887848593782,0.4267142797856271,0.426977893695056,0.44070831569258795,0.4483392738698154,0.4067432834013659,0.3235921360981844,0.2557523761305749,0.2975584900371757,0.3126936217851942,0.31046214101543107,0.27584546371136387,0.23145902263745188,0.19727171933201765,0.16451434722087102,0.11750604393017056,0.08936643879622527,0.08688101114673662,0.08418291790317085,0.09130376144795346,0.10936230713733364,0.12576058101614251,0.14203675395513937,0.13000643174792112,0.09208594390041959,0.07312801395996413
0.1275939486045869,0.09841173679798997,0.09062118771341852,0.07839296127927968,0.04659091043638149,0.08205390601998343,0.09588472565012093,0.11430707072422075,0.10813240777116405,0.07048713373954808,0.04957014960816696,0.03290835554322672,0.02308483679870478,0.0387740796850462,0.057559866054902514,0.07269829374541692,0.06905841030853366,0.05484520054228125,0.04197184202842169,0.04805938687292135,0.04303340885453867,0.029020133647276104,0.02003934813105835,0.033481572945850004,0.024146703414920798,0.010368482089482964,0.0034064208276644125,0.0027683736870983437,0.003149637117154518,0.003973732538535857,0.010219934255453637,0.021542121719746433,0.017221157591772073,0.025428611272311618,0.03752336179869958,0.04607167487473353,0.04818048326356159,0.04837327017073192,0.05543168312759581,0.0710434540786275,0.11419356521582924,0.14377825873764816,0.19425367130064575,0.27080581891233113,0.2788578104999076,0.309769423967322,0.3493647893616554,0.4820901299827943
0.1251617674246626,0.11031841824104825,0.10419304327913043,0.08663301341824789,0.0686537942278623,0.05463984071773592,0.041110880097033245,0.037208870862425567,0.030353919519753428,0.03314387032280288,0.03474647140297607,0.044166550924642056,0.053742512713612356,0.049880674611951184,0.03516745734632673,0.030869759050780654,0.028226004436891293,0.03314296839721907,0.06309867713226547,0.037298853411448146,0.025028290076679793,0.02272552425777953,0.03292676253661532,0.042589450994800375,0.08773835569470959,0.13176537694077106,0.1479152703502717,0.2250814690523042,0.29826071010839267,0.2916289293589548,0.2020464648116975,0.15259496671611622,0.13159464129057216,0.14012413740822588,0.15526232893776398,0.14488242230994688,0.14861848259356034,0.15870994138555178,0.13320305741827235,0.10609863337091091,0.08628882956108574,0.06023905700057376,0.0418109668644399,0.02353341545317645,0.028970861159241208,0.0582029100302038,0.07883367979689493,0.12014815775959861
0.0971539099198673,0.11278574009615307,0.13029522470376512,0.1493909152717358,0.16146359335919258,0.22827850996708204,0.32848128351882233,0.433672244665413,0.5128167535151394,0.5564811280505678,0.603886675555513,0.6048451083701327,0.6153791560862336,0.6304016572522455,0.6338297568868265,0.5955465752974138,0.5621399402128592,0.5050737855135368,0.44294687398748167,0.36471802161689737,0.25892994893443483,0.1583857093018208,0.13591648013309132,0.1416142214705353,0.15112058297178055,0.15823029817151119,0.1818928222211236,0.20359190408754946,0.29696657134112536,0.3029040446323069,0.23727687658513286,0.19015858615906817,0.17882293839312358,0.17768390294250402,0.1820749449984923,0.16738951338545421,0.15148122606653774,0.12867526430470808,0.11825382907596067,0.1278238333354804,0.11618545449746479,0.10208062874866372,0.09279978044141854,0.0663349976120087,0.04346070734949531,0.026038336846805496,0.010676298816551707,0.008644057502376004
0.1007108403148007,0.09429091130162734,0.08241857513240813,0.06988170803301329,0.05811072400013437,0.05183454095466207,0.04609434087512014,0.04115893273538818,0.03814684951699322,0.04020293773176353,0.04177895654253214,0.039190806527012664,0.0385352863711138,0.04528136877052868,0.04579766650219561,0.04480259208466969,0.039565275134114786,0.03718260152233775,0.03197561301369488,0.025928027245708172,0.01461660680182817,0.00830553380293058,0.00721203751378613,0.00587394238602845,0.005319063243825555,0.005519135374534957,0.0062932406268808114,0.007157095730595687,0.010221655743069089,0.025407964036217773,0.06712633503121201,0.10232517217636655,0.11547983461079349,0.12642679235508536,0.11450628281177586,0.10348465678874633,0.10546779602943396,0.11032789214345406,0.08824322770586293,0.058148377245620025,0.03834670941248555,0.029840365289259527,0.0252053579697843,0.04108243716773133,0.055532562593084644,0.06586604017608516,0.12974408029070847,0.21592982758571966
0.1691224429291432,0.17410247762308215,0.22925365414892968,0.2662390721024494,0.32669251490203116,0.3536633853315427,0.41623426207961656,0.4524048566213204,0.515541093384545,0.5790052960868405,0.6117358282932067,0.5829082659545749,0.6645201670912317,0.6946378025352705,0.6504975247897455,0.6126040035826166,0.5613990950430338,0.5522724656931992,0.4990689917475069,0.49220252564399813,0.46454006443157003,0.38628893904658473,0.3290030298255125,0.2943746463021144,0.31313552522470417,0.3122719785479417,0.3151455357221623,0.3030723712498462,0.22391782138920585,0.14287240739436136,0.11282623728853594,0.08926148354287478,0.07597806653877623,0.07487003288328964,0.09827996380885144,0.1434206736555472,0.2003596719796532,0.29426505071110226,0.3943359469075938,0.4439270925341703,0.47978149976145634,0.4503347197387591,0.38101895430111515,0.31998428250217603,0.3080004527747118,0.23009812550562303,0.23697260511709953,0.23750796932589963
0.3238327068055299,0.449649455408353,0.5248963686286595,0.576485915053063,0.6111765432931844,0.5979927298800516,0.5459092234053525,0.42019165518450047,0.3116228514608482,0.28009736792531237,0.2621054785422977,0.22726088185992005,0.1847006253875239,0.16017300346959268,0.12616317653199957,0.09189001267435906,0.06636953167540577,0.05063881614726312,0.03277466952581361,0.02865430589014425,0.06385195344989611,0.09896443895064985,0.14163989623409384,0.1966601272831952,0.27646125650025644,0.3768810004629026,0.4823991638590416,0.5271737981900141,0.5614133954999067,0.5665236972843944,0.556127304554495,0.46526247624629136,0.38612495091701593,0.29836079892947,0.2841000426565123,0.2650811768178035,0.25353447504882304,0.24227816144724576,0.16982274438289466,0.10887131040660247,0.08130306023171163,0.05321499998871419,0.03735158310564373,0.03226200490777877,0.07403218536385352,0.11972917498851104,0.14872952699664702,0.20247270618739815
0.2017481152811158,0.3063394511345972,0.4179428845533107,0.4934240168503464,0.5479473120671758,0.5047695279717912,0.41258483431277276,0.38013764894859026,0.3941714578492016,0.43413103557361116,0.4537459002407542,0.435199521373705,0.40625861254504786,0.40548998079156284,0.3987411823831508,0.4099648388530032,0.44806217059283704,0.4482373289458976,0.4661321391988369,0.47079032956242595,0.5130767186849965,0.5574664186302567,0.5519156489420992,0.5741890996437979,0.5943917885540629,0.6146175320402587,0.6190007920605057,0.6408667385015148,0.6377462291103357,0.6209527918508366,0.609959151183282,0.5953672494842446,0.585728270801037,0.5626658866157788,0.519616675300353,0.4844937257261721,0.4734097477587711,0.5175604454431725,0.5063792916742978,0.49026176317310455,0.4871260521493914,0.4356066439845278,0.38655974437964963,0.36792293022188494,0.4637620045253975,0.574131145277802,0.5782730340318437,0.573247985707245
0.118817352859906,0.19793937182676236,0.2940863094821258,0.35768476258008824,0.4225138012700775,0.461288235680333,0.4823779289168604,0.5206856862366429,0.4865219982979021,0.44579782274055846,0.4152310899066384,0.5068909419488932,0.6066833774496261,0.5610689242357363,0.5694217224109174,0.5797210683360742,0.5542606741583271,0.5231400042223906,0.5145548181187948,0.4942604809829516,0.45072965247706454,0.35700424399256586,0.2446617850892509,0.2428090088726747,0.23182274943956105,0.2489628631265119,0.22331275470729772,0.28821688518122623,0.3593127257854435,0.3343549462595984,0.3653607166113594,0.4512248818812664,0.475328208833825,0.5034007199457109,0.4786265604970964,0.44835805188979616,0.4080068704226789,0.4051191928529528,0.42306400189695054,0.4440424432661863,0.4313524457183853,0.370585066154196,0.34304163400874466,0.27889311613599493,0.24557255579029927,0.23223511512058737,0.18624764249268413,0.14495497997914603
0.103325732832111,0.2214602371991649,0.39462235928909234,0.5259210511611024,0.5691540682340313,0.5891443318412772,0.5004858562350938,0.4057045860329902,0.35295741204128517,0.3417197436038827,0.2950388515698251,0.2781176363252189,0.3028416733214327,0.28832449788311565,0.24125553982312276,0.20210747890563507,0.1589382183359926,0.11281469223295976,0.08148312901132203,0.11324194546846647,0.21803965498955302,0.2236702542652022,0.24063794935709293,0.2972305661949728,0.36943072576163716,0.4353166546068539,0.531019925646772,0.6199573284948197,0.6839836764543022,0.6836664678298887,0.6344619751026195,0.5760789140957061,0.5179860327132746,0.45863412221314737,0.44940918505898464,0.455044360153433,0.37969860688390245,0.33600231355490373,0.29698948768036776,0.2230288163512057,0.21508988037756915,0.21238448085340816,0.14611808729877013,0.18023143245357667,0.21732559955188668,0.24710636205887515,0.3036198998009979,0.3344388379469907
0.1170395020644604,0.19625115216936398,0.3369502440270086,0.44097621974531165,0.4624490095266832,0.4260228455802947,0.4020045619683678,0.35448018261648234,0.3426288550678488,0.3474704660067862,0.33286759457895543,0.30257766315239476,0.25731296584339247,0.21169500974927472,0.19787663981110912,0.19289340175925587,0.19027091993579698,0.18573210612945937,0.1904702809990091,0.23862419375105368,0.4196620683809569,0.5994023927609907,0.6729874886640903,0.6833422991974073,0.7088991240255266,0.7333672430269909,0.7501666379085146,0.7621438101181675,0.7742817281178389,0.7603064479133909,0.6967346828208112,0.6430694694593763,0.561650145937307,0.5275046672239578,0.5157347099822797,0.4955256266102207,0.4850498625680639,0.4583503604661282,0.39062366421349215,0.39000774799493804,0.3700917768601849,0.34528286623040444,0.33046053937545167,0.3623176045493343,0.4669863525469271,0.574738451816845,0.6268989665999841,0.6373846412420276
0.2117551141417135,0.27035800947782684,0.29718634432027546,0.32987052525880295,0.4173546217869819,0.5253141863291348,0.5346316910267265,0.5629511646627834,0.6823474658450549,0.6555865849320557,0.6457731769685471,0.635390717903511,0.6298257539366788,0.5901051733670811,0.5004593035006164,0.5217207702452709,0.5764297478486382,0.537575580455581,0.3674534575080459,0.25264884442876756,0.24272316710956943,0.2629576136892605,0.26568506557401445,0.2481662814398374,0.16676602483670808,0.09810758642866033,0.07181996720306726,0.06743809253357075,0.07943224315882601,0.14500082399776085,0.22419795419689192,0.15089650340526048,0.16812875281764803,0.15272903358292753,0.20312838542127615,0.20098324637286477,0.2136934344534391,0.23591764674507537,0.23654823183769993,0.17846986404925458,0.1367076503347498,0.1821213470971271,0.15144414259331274,0.10540939956325851,0.06947289237995105,0.0786773378133456,0.09558298685028142,0.0751409869076843
0.1279965489616072,0.163968930181917,0.1855585736642832,0.25267561935709515,0.34327087455280975,0.3825750143349004,0.3506905472954937,0.287495327119369,0.2793401876853433,0.26577243911230447,0.22397750597224636,0.23417611526390408,0.26017377352468884,0.2524607426995363,0.22969075575208164,0.21280022530469914,0.21417782751140543,0.21683101689684203,0.2104755776000985,0.15850526750605476,0.24711997996820742,0.2732121374664334,0.29655065028572886,0.33868785131531454,0.41686560871529255,0.4488906575537733,0.49838561016501515,0.549918299239892,0.5423678852402363,0.5082844599377192,0.4409536881330903,0.38233028177713757,0.3667091121742427,0.33741278317394857,0.29900459026914805,0.2609880366931628,0.21833267400347928,0.16710137808114517,0.13765037882580355,0.1546018553967911,0.1742890463955627,0.15424270245856586,0.10835552871088713,0.09397851503221635,0.11923182833904905,0.18684725670503274,0.24572033430007795,0.2998025042600165
0.1462233725683531,0.16814371485254295,0.18049841205012113,0.21796506672455998,0.319028535679517,0.3398491915451445,0.2607138387733399,0.1962619749763358,0.13861156028738797,0.10822884251276273,0.09062513759027616,0.06587816674578353,0.049690357470670125,0.03889221906759594,0.024696685878191016,0.01566132893340581,0.01673053608270942,0.023360043628379446,0.022538999011501033,0.014215247318557065,0.012517520420274235,0.012392174566911138,0.013475296020672819,0.02527711264122954,0.07936250709478293,0.1273501088336018,0.1804348119162148,0.24232799745414985,0.27950480546842466,0.2914890126809211,0.2632618891487283,0.20585114414106526,0.16930326235390014,0.13504369069485547,0.1041998444590182,0.07486692390935748,0.04752497805533512,0.028593989110235064,0.01887420867326709,0.014340392349393914,0.012868439372979849,0.013488145352237113,0.013037622932792394,0.012559863384688076,0.012694282495017199,0.014928329075494802,0.02507716371989756,0.049621096187746495
0.1085427773546585,0.12492556649730771,0.1476225792406153,0.1810110624409012,0.20758543920876954,0.21368602129981368,0.23233364416719174,0.3444919635789372,0.48920653904940237,0.5761608002565213,0.6013047974619591,0.6043849446770779,0.5822480769757941,0.5361614063798014,0.5057073184528141,0.47240133753889313,0.41239251541165445,0.3578663960220039,0.30900489890194355,0.2315909916386017,0.19392044716255674,0.2724294679375383,0.3249513504003385,0.32389184965353784,0.3121587170202622,0.30566570479266825,0.33705024802074773,0.35518481923998063,0.37665166747079626,0.3874536915869943,0.3883142926904626,0.4731600208123214,0.57830186529016,0.6540439150324897,0.7137271608158418,0.693134659425553,0.6214697238699701,0.6094549593069696,0.591796166547498,0.5472921761726348,0.5157524200281425,0.42334926261183575,0.35655715580052383,0.288852114751349,0.26955461996150576,0.2553082377349202,0.20087005627389085,0.15014093005111223
0.0979026725005649,0.07903175172523863,0.09047848438983619,0.11537400039489781,0.1325135276534605,0.14150299072162173,0.13774273888106353,0.1360299670700961,0.11367393623952621,0.08035031611381135,0.07594754258536944,0.08657868300585068,0.11428959448618016,0.14849796624178044,0.17045248026652074,0.1992639525190854,0.19798353060111842,0.20632011222604255,0.2007037527734778,0.18887784658330922,0.13692972150633348,0.058045313256845074,0.04121978805804227,0.05740046402722689,0.07344127555761769,0.1265205210213388,0.15188767868498146,0.19343630379693608,0.2523685275773312,0.2710229306069989,0.2294249494635793,0.20115288110152185,0.19393633790963072,0.1760570898134563,0.15153950642995148,0.12520652579752872,0.10549317412820763,0.10265242693282103,0.07444129590956171,0.06618399136488157,0.04524658026467185,0.02467008409935468,0.012981918275638177,0.012405851963594026,0.012954723070389177,0.01301458462228084,0.020626417515331428,0.08235709134525429
0.0638914566257882,0.07722130495866499,0.10484278225602411,0.11449462603031393,0.12134344791392898,0.11337051900794139,0.08692301087143903,0.06536545118293886,0.05976572747573121,0.056307104002022525,0.054581689781977194,0.03719392287985643,0.02295441729684041,0.0197571135896576,0.016190936888570845,0.014280561365811264,0.014471888110980886,0.015736145127590227,0.01812571539659415,0.021560578921681287,0.0190226255811448,0.01623630976483462,0.018650173160277818,0.02251145845110779,0.03442153455091121,0.05379563921978461,0.08870282918108735,0.13372786717026308,0.15636405172396642,0.15856780467720644,0.17308170756706737,0.17586382259370972,0.17543430653914335,0.16989855304420445,0.14335774864730969,0.10034641694466324,0.08914118229638707,0.061621049714815454,0.039365531300661394,0.03822225983217748,0.038798693219507865,0.04134941657341259,0.0399238421232546,0.036132321269440625,0.027772989754213315,0.02547979309675008,0.04179569316332689,0.0535995052634682
0.2721246482200448,0.2996022980635904,0.3133702835272065,0.3329022670769444,0.3481446021763688,0.35244492578928754,0.35712578328758643,0.37409015883296437,0.3492458032840077,0.32040203710925164,0.2684642541181438,0.2325458265397273,0.19693115609371195,0.1699245259148055,0.1580335828628095,0.17531475047690226,0.16316635850929972,0.15448188008944147,0.11386937208181304,0.10221321600657289,0.06803758411360757,0.042762468635745496,0.03926436080711246,0.024106723131877117,0.021397888250427242,0.017825412891874497,0.017372636384778806,0.019760954041229795,0.022361102311824296,0.030706620373445515,0.03338634415098143,0.043063118074700035,0.04383507899686786,0.03866227489668799,0.022972990063207552,0.01800307471168562,0.017560311855397095,0.015507079390088437,0.013994667311665106,0.013845652990281003,0.012655318135043591,0.011863381326362464,0.01192025094996326,0.012173579273275847,0.012245958794222297,0.012288723177989033,0.01370646050515015,0.019296489193237593
0.0779100025387154,0.09163213339780091,0.12387925781146256,0.19480807880559192,0.23969293933048239,0.29266126454421404,0.34001347673879756,0.39233624362558583,0.34194525840468887,0.3466731297810196,0.35937689662544847,0.3846096089588843,0.2798986975070495,0.22889212774555,0.30017513462541257,0.3316416863198925,0.3354569836368665,0.3451273943791172,0.2735957595441364,0.2914245694087156,0.2920835579265832,0.3234610423185629,0.3893304923200198,0.4256104059337666,0.44060633122624937,0.41121507275938174,0.375775278298631,0.4103018867503566,0.39343633947740986,0.4258913258049407,0.38522824541452383,0.2528224165580187,0.1495043138396463,0.12950062226917974,0.13440790294627547,0.13735755091430818,0.13124475388779955,0.11883412205414143,0.13397452260042367,0.13494294357636277,0.11854473488811498,0.1038673172904318,0.09551268229602292,0.07516500406036028,0.06424493781892263,0.06245066872059742,0.06034631015738712,0.056526511639717635
0.2696514040385366,0.38337225262588126,0.5100000974376294,0.6110135840605936,0.6415115983243967,0.6424577313798212,0.5791237269545684,0.46889813351719944,0.36817056214039295,0.3464846174062231,0.34518693414715923,0.3179787954548473,0.3028516930095653,0.2948298914863623,0.25048550188328134,0.21403283124193964,0.18970907992551175,0.1727126704578668,0.14756434558522058,0.12554461195428876,0.2074406409984792,0.25405165035641286,0.3061806445299834,0.36036022596821726,0.4243734620426656,0.4823176707077151,0.5471440785282811,0.6042534969315732,0.6436470153450283,0.66247743401539,0.6535334613392104,0.6149605408284922,0.5368767212293377,0.4588613983552588,0.39003101878020907,0.3276272593594811,0.30620568103192203,0.2978941425796137,0.28286403287879713,0.24870952941511865,0.22991524203350333,0.1835703842078017,0.15270456619706368,0.14429577203166066,0.23636452213825182,0.22155056914306653,0.23596195399853603,0.3010381698773208
0.1399149565538916,0.2667383171286621,0.40543098734092503,0.4354775129859634,0.42263552694786805,0.33951976604082046,0.2505762955530971,0.1781844854955526,0.18050431325197536,0.19103572085121445,0.19417805549555908,0.20969360267447684,0.19918615323288655,0.1773127860341498,0.1757680899029757,0.2620725500611321,0.36126850248441644,0.35738054342109393,0.35329383487553623,0.37635450327994374,0.3807214907615131,0.3520237247862043,0.2926620875844276,0.27342174880138737,0.3144364289508206,0.33749681348159966,0.36774721290374696,0.31019146694570254,0.20211294292434212,0.1638276795271617,0.16182550338712523,0.12219733796828605,0.0786207769602405,0.07880045008003642,0.11137365800110997,0.11397523905330553,0.05403175241503359,0.0296739938633396,0.029832116157212738,0.025237830129294057,0.03449104455475529,0.05421217740983355,0.04542861515590796,0.04495222554979229,0.03870122036153882,0.026995702867404728,0.017493820338891363,0.014271232796495642
0.2232546331556232,0.24433612154275375,0.2533725983889831,0.2880603169208537,0.31437857629975274,0.3386079949120484,0.4008263716097374,0.4507615579232378,0.5327249767471872,0.5521126265046089,0.5630395429983818,0.6142314160929346,0.6068243345143014,0.5573589695953874,0.5239811435545499,0.47231663777537214,0.42671591879162524,0.4213239004375945,0.3744576377369151,0.2682967566970841,0.26040722346764056,0.23129548998165145,0.1888623524954438,0.16222037278526877,0.16085496317076511,0.18301710129067458,0.2059475174042898,0.24499850198335915,0.28922477341937114,0.3341993583276337,0.4015756851229483,0.4778540364410686,0.5690770679139541,0.6308416721387473,0.6550722747761839,0.6609268885206839,0.6541760628916897,0.6086008444881277,0.5675468171500925,0.5360695278283588,0.5111762399922221,0.47320106931004435,0.4562354790814358,0.3954512159016381,0.392910577073151,0.3097596023359605,0.21229462608119923,0.15562402233064343
0.1430825167929993,0.22992462069799796,0.3492985527900522,0.3280640057799787,0.22288401360696933,0.1605985654177262,0.12124551567749442,0.09554588771769593,0.070869596408957,0.06826732010687107,0.06997302177149152,0.08321732617324286,0.09513788171199547,0.11097036716831564,0.12816565802929644,0.16668377629567765,0.18056456696512757,0.173191486252155,0.19116611092937427,0.18220913067044753,0.27288802029686543,0.3633551414426418,0.3602769115608722,0.37686962283662145,0.40319102427584075,0.44813178060179526,0.5044916598586174,0.5582132480319668,0.566716798241123,0.5646216197340637,0.535445253811916,0.5376684546452788,0.5459207459205688,0.5225930705735143,0.4526119850591714,0.42775555434361046,0.4687530560126989,0.5059680490443499,0.5278258679244163,0.5583694118902071,0.5650959553259111,0.5844789438076776,0.5925861065014844,0.5729845156806083,0.5976873813142191,0.6146712292545436,0.6339763036025508,0.5256068172263999
0.1231075779051375,0.18879759168257165,0.304064033095594,0.3923160617503829,0.43825918345411224,0.46221982113833193,0.4537052071094848,0.38737426206020603,0.2748243096870117,0.2604607105101524,0.19715297443001129,0.14167104895760757,0.10331422360784376,0.06275672618978499,0.04569208917969153,0.028143117119022305,0.020747340887171214,0.016204924798969265,0.013465498133614405,0.012072989272661276,0.011916485641692977,0.012388005197049445,0.02108348621812925,0.06105118040544482,0.10339996066851581,0.10740356305293428,0.12219720327628988,0.11988137565779342,0.17882481535784361,0.24028277283092508,0.275825222176131,0.18537263437135687,0.07658104946273213,0.04397386719941303,0.07832976567178038,0.07946325331525059,0.06620894392602174,0.07252604316062297,0.09136815527437771,0.08919078232805266,0.10699404024264281,0.14082468491083866,0.15279076867942015,0.1797165944670297,0.28919325872506735,0.3852497780978754,0.41024652815878226,0.4317678026684565
0.1583122778907582,0.18341330985171908,0.2431755361974705,0.3660821998659983,0.47737457246551146,0.4833161557535945,0.4403147116724212,0.4421326678028752,0.43277134989982535,0.4224470318631348,0.4344693143556146,0.388480805856561,0.34669545233347,0.31111833337614697,0.2625106342022555,0.22873764179927486,0.1917018066422346,0.1275535126290885,0.08978736391658153,0.08413246981051728,0.06848163853810098,0.11445698727852313,0.12328688988252455,0.05734632637474827,0.026574032855656276,0.0168836992743527,0.03380560072852112,0.08406849863781703,0.13724952177753988,0.1593451182718561,0.16894345651331538,0.18574759056715637,0.1888745971953062,0.16583798281518233,0.14971372005832023,0.1418915963735163,0.13733267158543838,0.13308758958661882,0.13466280723299442,0.12029478606666312,0.11329759943965137,0.09209418926179117,0.07069961312092288,0.059229024345243506,0.03318681825784259,0.026852276685448147,0.015721455443501932,0.011438808341643427
0.1348231555678364,0.11581481458496705,0.12030204938290574,0.18705093818308566,0.21613131897028992,0.1910249241924996,0.19687430870740522,0.20622490816971628,0.16991815331158033,0.13955848990108505,0.13576969245082843,0.21313590780471686,0.2980971031244771,0.39022693653436885,0.514010705111877,0.5832613239021176,0.5883678273193919,0.59761679678343,0.5766223814014606,0.5892419861478186,0.5644946742439431,0.5328705566060491,0.5334105390257695,0.5246208145510216,0.5278367500362824,0.5771848602642227,0.6059837875045629,0.6030330210232407,0.5929838422575048,0.49691860565559876,0.38619522240320314,0.3408930252530887,0.2992729228364589,0.31580304464791087,0.3605804562114665,0.36351868545081545,0.33578827141451906,0.29956028860879874,0.28339843691881766,0.2401187455043689,0.1902295565309719,0.1557996036009655,0.12818555806259924,0.1230159550530552,0.11534316052232296,0.07615342430340118,0.03831131864939641,0.03593673955569199
0.0741541874653355,0.09956903897508579,0.11491672569183378,0.15169916936111538,0.17282760478304804,0.18030252848404316,0.15416319145792395,0.15724868308978937,0.12941126907764175,0.11364514949611554,0.1118834486358188,0.09736045419029156,0.07844723826528155,0.07130266455830253,0.07442741434327324,0.07519062754906858,0.07417789841056135,0.07740157507489306,0.08010930116299111,0.07650643669127953,0.0642360272912106,0.05626768052135241,0.06592189610582516,0.060254372406992524,0.05392613470732609,0.0586637751334663,0.06805498969617156,0.09735331045678963,0.12922601845595885,0.08774258471105471,0.06958455075336123,0.05564789483632397,0.06297038345861601,0.06667014322305753,0.06065152058937896,0.05393322628974224,0.05650844888201668,0.051945008752270094,0.045583403090154934,0.04491199505744475,0.05173350061796553,0.056897122163528574,0.049873601531152875,0.03740008894748642,0.023166473632801464,0.03221840626465872,0.07081652291083348,0.08929870057248697
0.0744266371925946,0.08711229065419827,0.11260421207079832,0.14644513457499603,0.18274945800861425,0.19896354278922626,0.20685226675215507,0.3284711251703588,0.4967612055395072,0.5614857566869935,0.6051495530082156,0.6160312896050133,0.5882652551818514,0.5656823503368134,0.5475323028199779,0.5362807073487665,0.4774393533877106,0.44128860272370685,0.3973774187179932,0.31691235371514204,0.20376967051100278,0.14676518734871474,0.1017915628648741,0.07747504033514879,0.08828928983914056,0.11881020109548701,0.1312809474985572,0.13601455565933707,0.1594999657510608,0.20063818973793823,0.2546320744424953,0.35353238348816485,0.3907168984236836,0.46610916393716756,0.49073050361019627,0.512712075906489,0.4074452073361611,0.3321075276455456,0.31847625468215535,0.2734124968250259,0.21191006320546074,0.17848404641354032,0.1316284212859143,0.0871085065283985,0.06528367464560447,0.061133056736783806,0.05142845036834162,0.05166821509998189
0.1876967504442752,0.18689104553919245,0.22945494639018532,0.2597171954730274,0.27739647728344013,0.3423555027433026,0.40489158734117453,0.45202231748804417,0.5389012891143387,0.6099783787938539,0.6533925084836073,0.6554766703801914,0.6226021576342804,0.6070069445304234,0.590562475927582,0.5652369585524633,0.4939406584644763,0.41978219194659694,0.3438952361374016,0.3319252599371739,0.3155720048729886,0.23683592807385026,0.17841212731629372,0.14506050225882897,0.12885823824275142,0.10654182560016531,0.09282242371612212,0.08820732583100539,0.11185383442305954,0.14597923817791705,0.20776025591400685,0.22430626655019986,0.3216908653063104,0.43201523838064304,0.4765246821659115,0.4559793043708812,0.4730725452256207,0.43619319030064585,0.37599587184392014,0.3433624757941414,0.30526976468667355,0.26552687802191133,0.20363210503504978,0.14632700013392486,0.1659015430398324,0.16631441203160863,0.21566376319950797,0.25482608327080425
0.1809028737220226,0.24594202933376924,0.3274300630994593,0.361924581467632,0.35955402885273413,0.3927102751278482,0.46664250872417773,0.5040507043282685,0.5491988588676963,0.5879076174762772,0.6262284371632364,0.6264993520816493,0.6077665875820629,0.585996760720015,0.5438321278185718,0.4959458636145503,0.4171942098360977,0.3475599922015664,0.35185905180283833,0.361524160261521,0.34602466320731123,0.3578196304473491,0.36838766088177977,0.4007353693527784,0.3994145741887782,0.36103998624136424,0.3362765532187313,0.3522798873029357,0.32283386414737514,0.279664789622446,0.30549695691825873,0.3649683935326542,0.401618886942098,0.39956948125911285,0.391768453891294,0.42697399603213454,0.4145428929446105,0.3973736791422502,0.41969527682957064,0.3946407621846105,0.41514212764286784,0.4038942743736037,0.3727532663854548,0.3255129550898839,0.22992606977309896,0.12411329814342481,0.07889232068637989,0.05571675822529239
0.1128937551809892,0.1911708468860221,0.24105165154572356,0.27404090504646683,0.4003438810047323,0.5367225893666412,0.5272794854995552,0.49873598053218016,0.48852384249656,0.5088196099411337,0.565876873789454,0.5688064093476589,0.5806840350606416,0.5977145231944766,0.6061192733965955,0.5473659479544027,0.5315815396935112,0.5425451678838754,0.5465517668136827,0.4706318912475188,0.48817216956258136,0.5505547790584371,0.5840787920917362,0.5456242726438967,0.4457505258894333,0.3872270938518306,0.30390206599832315,0.25203719919943823,0.2206824389514735,0.19667147018115533,0.17878607132517402,0.17957723155374533,0.1763514696618418,0.12980750522078727,0.1294736264044671,0.14500585476701097,0.167611943393847,0.2465131288295183,0.3136204751663464,0.31505983653276587,0.3560256951223696,0.3680998293426475,0.34455643737470765,0.27532009885049363,0.21971008484397392,0.20677197367006395,0.22334984836481764,0.21907030323928792
0.1361927651445122,0.18406860364030747,0.20793115666178869,0.2632256293409695,0.3043818977071825,0.3636477811512955,0.3627756868619524,0.29150535849565473,0.29714401146391406,0.3121062816352488,0.26054355339670526,0.20502736847624817,0.17104615669447304,0.12869090653529153,0.08541244190361824,0.05339674029424392,0.036230705152515114,0.037583043207755865,0.0357616467658629,0.028957716969131783,0.01755021020597617,0.020203507941988483,0.025875722202024005,0.03181517895783313,0.0654177264767212,0.13130077394261735,0.18905621601056247,0.23139314371906383,0.3225422260620123,0.335919612735324,0.2809918937269228,0.24373930951666117,0.2601909731832138,0.22451847787425278,0.19696924618579875,0.1885284379902145,0.1767402244785838,0.14225533580006738,0.13927411052868255,0.11835064096363251,0.09048299968133802,0.07648794021755377,0.06647149655930777,0.05332175044732157,0.07498805857947047,0.1098991261324866,0.1517093421345093,0.224773600112175
0.1257184527844538,0.11311733550889423,0.11761099491629165,0.11078510037945119,0.1025232478456277,0.08095411685602835,0.06923457386872488,0.05448276440624626,0.04247090434582687,0.050551416587439196,0.05150180207838076,0.05133664456104847,0.043958738123088675,0.06305594735023297,0.11386674088285573,0.11465146830200339,0.11919773622525168,0.13558050195297747,0.14425715983967602,0.14487736853632946,0.08115615134266652,0.04880137930825653,0.06449586901770657,0.08183143854429839,0.09225821598957223,0.08284509929167841,0.07995335382593102,0.08618976524286927,0.08633573984760262,0.06491427272241812,0.053723891068303956,0.04583283104426521,0.044178745578535,0.04044442019283706,0.035088343965647445,0.032358692747998144,0.02996843300826181,0.03600824737651581,0.05531089890543632,0.06059688854920833,0.06034035075483779,0.07840138392102461,0.07481127565050125,0.06793277262664461,0.041035822486846105,0.017597677861764013,0.014746671970962102,0.014263586922347415
0.0577300359215252,0.0667719741720479,0.0578424162466016,0.048793894008238754,0.08539455206130468,0.15751254852096977,0.2860792757375279,0.3816472268755758,0.4737399740808377,0.5716033735885687,0.6105342095780054,0.5818446740154949,0.5370562225812477,0.4884543127677623,0.4334571533085022,0.3815636010641702,0.35068829035426297,0.32112610550956855,0.31244103839778425,0.28356591439560946,0.22595636864495774,0.13281159262189313,0.12004554268941173,0.16739355028639813,0.22668184767621155,0.2754228160170661,0.31189165483759484,0.3177070424998397,0.31889205437985746,0.3467220736926127,0.42228981613907424,0.4930090402374723,0.5364735841645241,0.5520396782794106,0.5581970106075039,0.5726993834082096,0.6035189441426516,0.6116833955560507,0.5705689854274918,0.5187354344841933,0.44522235260035237,0.3949441807534636,0.34085946827783675,0.3821698676727524,0.4532317187081337,0.4106680694299943,0.4037305983370998,0.4189864706583543
0.0994439071566731,0.13829912803528266,0.17094573429294901,0.18671607729845258,0.21613716588181364,0.2603145640866028,0.2838741442922754,0.32161844017771074,0.44961827700580803,0.5615310429390143,0.6052873109049316,0.6024629577211966,0.5859019328503605,0.5585986829834576,0.547568315073916,0.525383716196865,0.48497951633684006,0.44306780851773775,0.3539127325872844,0.310506004812218,0.3001427285194205,0.2702481815345837,0.23621569091880584,0.2134973686227176,0.2249038244859542,0.24710438885429165,0.25307535748777543,0.25902640139538735,0.2772775971333895,0.30529431258133843,0.326827643978573,0.3757818849395586,0.46588835392240946,0.5724058374674529,0.649169439752992,0.6650055538080359,0.6512997295400068,0.5812203344383362,0.5747224303280023,0.5559652623659646,0.5152919342674158,0.4746233298585826,0.3415303551336163,0.30698619219439066,0.30241680828798756,0.2334607884442681,0.1331702499499351,0.05789209600643655
0.1886033565456749,0.31946708871305696,0.39611272765225114,0.45812175484894396,0.4996639178737752,0.5421991220842299,0.45933127769021,0.38709778451833765,0.35799360050640333,0.3718165186879086,0.38926616653767604,0.38397465712115036,0.3235363904749732,0.3613132478341362,0.38433706425040154,0.4156384860756865,0.45407950430835264,0.43877361143635424,0.4700838608724118,0.47664983957792506,0.4983714697080559,0.5386716304858724,0.5446490106748048,0.5856552681542346,0.5751994089489441,0.569734944952691,0.6145368605778068,0.6612996914930053,0.6575968226988155,0.6146499301267278,0.5432514206162267,0.42300789108280207,0.415684702886029,0.4312300238389267,0.40162329900007465,0.4095017057099669,0.4003390843338911,0.37727520980248597,0.32942462819588214,0.31308765519190845,0.26916632030630316,0.2528545278701475,0.21254127497310066,0.136942899704935,0.07789930460649022,0.05980199626262327,0.11825976194792698,0.26285269854764454
0.2925638339393192,0.3650211249838806,0.44370283185546844,0.5298620897545143,0.5675598912598683,0.5549188941011692,0.4869415077983582,0.41421384097496944,0.37896919003503754,0.3760524723741343,0.41803422020897485,0.453869325490649,0.43968121191738013,0.4146489154427435,0.4273048706082218,0.4445778650642281,0.4556531162653028,0.4363405866038955,0.40318119737685726,0.38271283256787364,0.3963952264797944,0.5431387908325567,0.6543859272093753,0.7115753639056148,0.7046316569604614,0.7005078022887052,0.7126881827219123,0.7325905772489791,0.7400785325757628,0.7409983228995367,0.7151075274684742,0.6853872977759132,0.6644329485105602,0.6701137109322571,0.7119162048827146,0.6913267962427494,0.6969745631683495,0.6820447702865909,0.6264671334973899,0.6008058435501469,0.5546110168812033,0.4413579937997722,0.31398596231222275,0.21338840023798872,0.1822086398722237,0.26280532471073653,0.23251482540751098,0.13533759439277535
0.0861629793964791,0.15157473193288123,0.1983812043154375,0.229226388081508,0.2965612979930056,0.25479005894684303,0.18363726987956203,0.136783188144058,0.11042381977030183,0.08701019236389318,0.07852164905494492,0.10830647073790708,0.20703039165004053,0.11389010221967884,0.028480124171553815,0.04647630551082191,0.08726575662880218,0.04963449389663881,0.050597264265413444,0.06639720028105378,0.04396358068005786,0.04014554776984003,0.04727838035600211,0.08059322846541635,0.11008461257893666,0.1206678030510018,0.1607505393023121,0.1949117995447936,0.2327490850108731,0.2231812065393008,0.19095068242338004,0.1735514134281818,0.13896277973360188,0.12903760657562133,0.07661135945299692,0.03824759986182302,0.03119472320675821,0.030381612167181007,0.017741368351256642,0.013703991430405616,0.017178735206534394,0.023259683233988103,0.026108940420038147,0.015231899579172772,0.011696085922818065,0.0156967013151837,0.03273257658638081,0.061000653380652525
0.2327922077922078,0.21592898871856306,0.21424040482070966,0.20269531927234635,0.17283486059666617,0.1330919847273386,0.1180437942866937,0.12619297417542963,0.12664845099959643,0.162944342854398,0.20392121624755669,0.14891630770959988,0.11291786708177089,0.10098361061112535,0.10478410161908025,0.13125978073565137,0.1810991182565692,0.23859780517450258,0.2699079623212412,0.2706536650371836,0.21823940483810692,0.13368378301576314,0.09671797320209034,0.08254221892373056,0.07797961860257585,0.11680942299079405,0.1455403491958299,0.17875432245285885,0.23869713121147546,0.29978711563293464,0.36859718712184913,0.5448327848246861,0.7016551334396808,0.6894204750884393,0.6708349379898257,0.7086523588677693,0.6900005702355838,0.6691928819132539,0.6693175265077329,0.6697130252449223,0.6829532148877788,0.7815597644761759,0.780812815520205,0.77563023412423,0.7440479873139122,0.6972837953569164,0.6541418318787767,0.592758974376497
0.0924028941355674,0.1239318089705766,0.18906134644751552,0.15212208266969687,0.13398374590516818,0.1643778887228802,0.1638546817174558,0.16268672752812163,0.14250704795360541,0.15062474309805357,0.1607038186574824,0.15593807207967963,0.13465471525853812,0.09120570664617916,0.061486294644764676,0.04347079442200656,0.03189487750195562,0.016992196035450238,0.011565141364961102,0.010634971312338719,0.010916548190326461,0.010803389013910538,0.012858664546065459,0.021271587785223617,0.030329346585726148,0.03586495883537061,0.050312908373447804,0.06767489315007832,0.07594412415158991,0.09297114641564165,0.1454332670980582,0.20103514526214433,0.24959775688947994,0.27638331667929505,0.2598331332750944,0.2275017743732683,0.20364242566521096,0.20197570484799796,0.19635050800827425,0.18596329659058175,0.15618220861173585,0.12300019343991421,0.09629843033956707,0.05614122474099588,0.03061487188034922,0.03213725521454338,0.04438313255015407,0.06791327717192164
0.0883219091139883,0.09184785041103022,0.15056089841604936,0.23636232212069422,0.3315936369698016,0.4608771046299565,0.5822959146216002,0.6029101340558778,0.6438574270891312,0.704946231717164,0.6993683472722356,0.7064567618453238,0.6503072049365743,0.6108968471391457,0.6142134720457963,0.5558307177314304,0.4569622403194179,0.41981223712385163,0.3447231933338855,0.270819782071748,0.27651099883428065,0.21235570407118037,0.15135130387801257,0.10708955939639604,0.09725340850443939,0.13074989045775343,0.1746628577866625,0.21859822912762517,0.2831658360954557,0.3728102144799179,0.4706974242146399,0.5239437288213888,0.5712982940958542,0.6036696056695516,0.5803357302910941,0.5471070125240927,0.5226630542900895,0.47474852039218457,0.42818980535613227,0.4043868523055651,0.38751052797661667,0.34367894342399197,0.2966078082921041,0.19130596041034106,0.16024937006511658,0.14126265919190661,0.158560707542411,0.18673031353250563
0.2689118958115075,0.282257481892905,0.321469229700308,0.35321669768510544,0.3720851629810509,0.3797868834086455,0.31759294105613395,0.2790039426861397,0.2492444937781651,0.23715948091418676,0.24414968483411545,0.24596940560322755,0.25534452967938226,0.24343335788552298,0.24680723071544058,0.19291834246486506,0.18918439906799525,0.20641702977546608,0.2200765634089334,0.24423276616781425,0.3122287141967228,0.4373580650759875,0.5489146848950066,0.607822940322613,0.7195749650056964,0.7718382979325448,0.7847846961500516,0.7862185882712798,0.7859735461986195,0.7458680961904294,0.7010342856574269,0.6433357926711133,0.6181292468301618,0.6442607980676426,0.6239850309218299,0.5545287571511215,0.6229777812507029,0.6626897420042479,0.6632057438139848,0.5670985533244722,0.4963056872001975,0.5195777474352954,0.5938305310980323,0.6824624792755838,0.7336707628742642,0.7457541631173487,0.7621623755749816,0.792235943754803
0.090238659946635,0.0749060342092715,0.08177044398258056,0.09967453459777853,0.08684506216499865,0.07580117921013423,0.09183535280669194,0.15106414164915388,0.2746738404559688,0.4388093494860218,0.4836617460398834,0.5603348331491915,0.5896667869155754,0.5936843679221226,0.6052328670460266,0.5647073127797382,0.5223736221680477,0.465318569196413,0.3752809638207285,0.2727412533359774,0.3091305556854634,0.2089767262913411,0.0969913708247899,0.04602412867234654,0.033502188494777235,0.04496835049941918,0.06986799336966784,0.08488696541409405,0.08452311657628678,0.10218610272035286,0.1312209256091415,0.17594197481338053,0.2481677283138741,0.31526211099193957,0.33126463135228645,0.27482432095840426,0.2642294498539563,0.27794539557130815,0.26241490001403883,0.21758077246664057,0.23540738709861725,0.21894612457011758,0.18610604046332474,0.12533976170818606,0.12891069513813536,0.08645165083715112,0.047734525361624966,0.046245271315890873
0.0896103896103896,0.10081294192674006,0.10324665951098694,0.10053976033328402,0.09841481127359039,0.10539137400795504,0.11745868442114814,0.17250070612928248,0.29172316908467666,0.4171212382937801,0.5131440023245426,0.5418907205468257,0.5813354568117041,0.5963087116771644,0.6101990660349073,0.5783988271597871,0.525771643334616,0.48951660318881685,0.3636059665574426,0.20072983914310144,0.14745802374526826,0.10351445697033626,0.060157938198155,0.02628474899388595,0.015458536109832083,0.02011531687439342,0.03433531666508719,0.04702169328810178,0.06881749353461805,0.10132769698204092,0.1353867824320925,0.19010277068310702,0.3022974119293033,0.38533182366842106,0.4160808766683989,0.4089451651726057,0.42252300867385567,0.42762830012932096,0.4466071667957393,0.43345600995895495,0.39584439509202535,0.3209134537809437,0.2576263134210878,0.14994170808749646,0.11592657695809955,0.07981280851853738,0.06545836772497465,0.07431190912900294
0.1484357346808816,0.24037400531817152,0.3115186242262238,0.3527675588616006,0.37582285705236274,0.3865771324453953,0.391465048556499,0.408020496305116,0.40575144010843356,0.41333885480271665,0.4076297316407824,0.3915552905056355,0.37426836627837584,0.4165206391218735,0.4736242795922679,0.5482816696730288,0.5835450184210542,0.6276646609322589,0.6643489762044604,0.6184294824989227,0.6325640318428725,0.638415533141909,0.6560593658351441,0.6322306633069597,0.6254649362816462,0.6324174944015107,0.5976441979846155,0.5746439799471424,0.5367233883122062,0.48079187334350365,0.4206488284464289,0.38382254125651827,0.3307364278041379,0.2615841895472607,0.2715774332724351,0.24539556358292947,0.19405258769534117,0.18402387598605757,0.21815506221373313,0.24529814851050058,0.273261596759194,0.2243266101036587,0.20550742534924898,0.1884716812627817,0.16906272030154534,0.19496223911098706,0.22255303082057062,0.26735229510887176
0.1038187383167971,0.15932783567945136,0.17762139476135883,0.20183452954674821,0.22547095618981627,0.21849492253153208,0.1771907733293452,0.1389661399091609,0.11440442178487724,0.08503473296001177,0.07089936868505622,0.05944021818761212,0.06918070661185172,0.09230994748479321,0.12630984184813077,0.15357519420867188,0.18404118098244993,0.2102595412266292,0.230261041785876,0.24057298764170804,0.24951131885062863,0.29704726442424667,0.3585719570806778,0.42924082073032954,0.5154340435706737,0.5205239315707115,0.4918172997523963,0.49225436400225886,0.4744826193702919,0.38589783363988667,0.2593559586864496,0.19029131718245884,0.16702914710814948,0.13311664977534413,0.11360997690137875,0.09904281105979519,0.09267819889499827,0.10238451852485084,0.12465885578875084,0.1638892583647858,0.21900988035033092,0.26337017059782036,0.2996412581745335,0.28448381297203534,0.20298228837831034,0.21746507501851664,0.2990040857087633,0.43067129072260185
0.1658552618064542,0.1976150294350169,0.28899053524563256,0.36393772987841483,0.4079487693479816,0.3342765962071489,0.2621144758177431,0.18912448721530267,0.145257968172395,0.1109804665607684,0.10234148474821828,0.0812628560142344,0.059146468490807014,0.028997862820026536,0.01391004833647018,0.010902618749350246,0.012495568891795452,0.016383568168839284,0.02495810456170601,0.023797046294236776,0.019837251325920888,0.03128083032659201,0.058575633116382,0.0750804368752222,0.11004037839684735,0.1406427650152855,0.18339543152091897,0.27081834968507407,0.3457652992414068,0.40389126598325653,0.316791978418705,0.2356536471055001,0.2192648091534226,0.19592941318070228,0.13277778246915203,0.09928426236686126,0.07564406780954556,0.04805881437941008,0.03755701034211557,0.03449591615115589,0.03346446077526623,0.04813118080037004,0.06756526431590609,0.060494025154442826,0.05218615174285489,0.05561044213214905,0.08425629568446084,0.09592440079286102
0.2099873999407056,0.2578108383629739,0.2876529576873983,0.2849395003417069,0.2896885866805065,0.3066414410880771,0.31563165078213773,0.34943008084006655,0.4461977059126257,0.5105800665057539,0.555033812874313,0.5822906994522948,0.5994815394082471,0.5911374783527668,0.5689655084698657,0.5565088020171257,0.5549477543459256,0.5128680066147282,0.4770605319543373,0.37911515187987743,0.32868437460208555,0.3048164466128015,0.2559103581941121,0.1934061370724677,0.15267307799209806,0.157305299998526,0.1707914464305847,0.16727880288858296,0.17233739781787294,0.18334471233000654,0.23849817652628316,0.3649997611711105,0.4932180816701416,0.5685729673600961,0.610655341441007,0.6204640591614182,0.6088551692951011,0.5750608397899535,0.5294951598258429,0.5007956212284319,0.4903606325488585,0.4783889358747604,0.40565654853237115,0.27644225683863405,0.22087492924204755,0.18472501019792104,0.15794589860946306,0.11206732107571861
0.0437254781126106,0.052913619155817625,0.07828952453023702,0.1050771299075916,0.1132423975859422,0.07736458683111226,0.05596120512048464,0.05340978532476072,0.07924636804636223,0.10406414041984469,0.11246753694210312,0.12345758370566427,0.15695376374969475,0.18754568564109797,0.18076228247882473,0.14308933886039576,0.11489998667452428,0.09245337968278404,0.07053951845087644,0.05921401580798423,0.06610427158926907,0.031170985355295455,0.014079013646954918,0.01461954952380071,0.013615805309315394,0.016256728832967512,0.015231987787184558,0.022536177920237724,0.05200454879246405,0.1020289351842753,0.20758771843277024,0.30552465098480264,0.3712179788562294,0.41609835436351783,0.45331572491376015,0.4752004079649018,0.47114819344862724,0.4757582049444879,0.4746621139840106,0.4595216893444677,0.4460498335081317,0.4143432160613648,0.37697179887457577,0.3110723948721609,0.2566480748445303,0.21997511791415592,0.40704837577980696,0.619678570134772
0.1445375037058998,0.14469471213109514,0.15351094596954307,0.15948912457390194,0.1764464416846439,0.19550891914617255,0.24672653790434831,0.32139392365640773,0.4300540607656214,0.44931783783336654,0.4506634168548944,0.49752083006806413,0.516101669550546,0.5073083864712727,0.48749277027925275,0.46873667384296047,0.42751281334856694,0.3959973766452785,0.3492802726064056,0.2300184629180163,0.14663503710510895,0.09680604619709424,0.06804473459270631,0.036654654565535315,0.02162091565097027,0.022221022830587293,0.02912912509985692,0.04058991003324499,0.06466783137379095,0.0868228121470848,0.13291868840404095,0.23420337739375768,0.3680517592653819,0.4729429031421831,0.4905880116529139,0.48497810616900794,0.4658475561453457,0.4484995684253785,0.449026915772505,0.40941336195350075,0.3485074810340013,0.3165674122206598,0.28507990625737323,0.19078736050058487,0.11426674661179959,0.08381136710678219,0.030751890129032577,0.016422475420431064
0.1555781983973473,0.1899347612037064,0.26727143894870764,0.3231667952662341,0.310748012864744,0.22390057718350093,0.21423389679095595,0.24855211362423946,0.2863596722280799,0.3473404035727345,0.40499589725683777,0.39895248872720146,0.3560222176341998,0.3383123340730234,0.28313152701156613,0.23272754581544033,0.20345104416741133,0.20379111774642814,0.19404845634838191,0.17712760880528827,0.14723793538597346,0.08841044842399914,0.07466699099173055,0.06181868344124378,0.07465054799551249,0.09884125036790979,0.10514639541009997,0.13629327263165122,0.14481670605843827,0.12789006202046668,0.13080630872066526,0.13436448471812878,0.14273964226195862,0.12763334254794323,0.1261303313248886,0.13411024924270115,0.15240613803820202,0.11838436456245763,0.10381768532233161,0.07712087708332444,0.061930593684365286,0.06650545929642115,0.11109491460320338,0.21766910166544118,0.39081425429048,0.42973162033481704,0.4743398206016275,0.5847915895361493
0.3396129906945214,0.3350670259403183,0.3638289925294932,0.31374952225961533,0.28168963442487144,0.33827144978525336,0.27647833457345905,0.23291031221394753,0.2267274948812606,0.2293079604729129,0.19567101813285898,0.121408031621925,0.08585311591609321,0.12134080382984316,0.12225016829233934,0.15238625478197948,0.1635625070802889,0.21746034185529844,0.2224233321325811,0.2485670745885632,0.24653022474175085,0.22124969958516325,0.224421545658532,0.22597523748683074,0.21749440584487856,0.26848131632598493,0.2736122186554043,0.2922767348636827,0.3215582712699533,0.3612242712569103,0.35738330878682867,0.374407563375576,0.38152274910608813,0.3548137782238847,0.3110473036989643,0.3224870858320469,0.31949690879524795,0.3184298863025495,0.28131192888742695,0.2220545837177333,0.16168658005059566,0.14769771585934105,0.13946014483726038,0.12866957572014587,0.14529309006951174,0.18777822647877276,0.2114312211387801,0.23043686105023897
0.0685770629198249,0.09052255939670548,0.10117915702679545,0.10371157340661845,0.09550674042479236,0.0844755383345639,0.09519650776849128,0.1082674488848993,0.06974748658163675,0.03753565518757182,0.030410488775090075,0.02450846748382222,0.020633473544200504,0.02007719862897562,0.01761570079900692,0.015698864686672805,0.015984500132752606,0.01665364838646109,0.01697567024064595,0.017225212602210053,0.015562474925131775,0.013149491500456262,0.01314071156707945,0.015683755555201854,0.018408828259806536,0.025915309652114776,0.0424760505530389,0.06596607352189224,0.09718544669311951,0.10722608381871017,0.11200098885152732,0.10800738231816612,0.0921650658383984,0.0718172434860998,0.05814242098904722,0.0450936138950455,0.03417686289828979,0.026657167003243207,0.021463863208983792,0.017489650089851972,0.015669256140926593,0.015405287971027495,0.016627961368838245,0.018970326093280428,0.016080572950092825,0.026994992299357062,0.04449086575695162,0.0578188857186982
